mean,std,rms,peak,peak_to_peak,crest_factor,skewness,kurtosis,spectral_centroid,spectral_spread,label,rpm,window_id
0.006879200032850613,0.3956295302734685,0.3956893334643951,0.92216023467138,1.604102250947185,2.3305157770225975,-0.32257503773202234,2.619393002859119,845.8155970130981,1320.743009364374,healthy,1500,0
0.06178063571425892,0.42150217662290346,0.4260057885136107,0.92216023467138,1.5976899267079734,2.1646659724330264,-0.47081857813710304,2.4582379229259192,754.6799169681752,1293.0351371972783,healthy,1500,1
-0.016472473015182627,0.45707772132217794,0.45737444801421784,0.9198719488921407,1.5954016409287344,2.0112010032148224,-0.20376922512707976,2.0494123418493806,794.6181613882036,1314.8982306881348,healthy,1500,2
-0.05590955758954788,0.4234329919601724,0.42710815645478184,0.9198719488921407,1.607497529550154,2.1537213344558452,-0.1717622553440628,2.3426286425126612,755.5781652723074,1281.765844793604,healthy,1500,3
0.04630827664910863,0.4120629828978533,0.4146569164512838,0.9109592041875005,1.5985847848455137,2.1968986114206905,-0.40309736442564437,2.543876401711306,800.3373993259487,1316.7820650184099,healthy,1500,4
0.0196933460695068,0.45927784470322697,0.4596998656891851,0.9269591331656729,1.607915278907328,2.0164442109947656,-0.40640830284648155,2.157227009698998,777.1355743081091,1316.6152246578365,healthy,1500,5
-0.0529036173982525,0.4377432104364967,0.44092846473897745,0.9339318441787503,1.6063836886086014,2.118102863964141,-0.15895438308399157,2.2082112780528442,746.5179490537438,1288.8641292388015,healthy,1500,6
-0.00845053729843944,0.39560208845397327,0.39569233498992323,0.9339318441787503,1.6063836886086014,2.360247498770754,-0.27204759319473515,2.599883235973829,869.582473964413,1327.995932083964,healthy,1500,7
0.06895493662829824,0.4169166991142856,0.4225805453233316,0.9153219386369541,1.608676120100998,2.166029526323805,-0.5042804226323967,2.5714212439630924,766.1392301379774,1354.7761545452847,healthy,1500,8
-0.005487524680036077,0.4611832167652638,0.46121586307614176,0.9170074325776445,1.610720664002153,1.9882391430830568,-0.25610165929945805,2.0467686941125804,785.5080647395757,1309.9029641090267,healthy,1500,9
-0.06356124049566861,0.42511645227274364,0.4298418654415972,0.9170074325776445,1.610720664002153,2.1333599774471077,-0.14214139106353843,2.323236961310994,731.068376559687,1315.5071302978533,healthy,1500,10
0.034836084212119,0.40604421697397364,0.40753583756676076,0.9265199545914904,1.6024061371813796,2.2734686595810487,-0.38199135317875377,2.582730326013445,787.2196043771601,1284.9092602384937,healthy,1500,11
0.032870465077167454,0.44975626896449206,0.4509558392428795,0.9416163093072127,1.617502491897102,2.088045496160578,-0.44163485182430484,2.2631847322951097,791.2878048175791,1287.3415820386342,healthy,1500,12
-0.04243984364152026,0.4442218608604749,0.44624455402241026,0.9416163093072127,1.626220884374942,2.1100903094694483,-0.15005776785158986,2.141767636040873,773.0041374244413,1291.9762145972136,healthy,1500,13
-0.025589684136098363,0.4013168368652665,0.4021318633057174,0.9318569759094552,1.6164615509771845,2.3172920643925434,-0.22531192363726735,2.519986222417473,840.7619736477817,1304.602187759655,healthy,1500,14
0.06650253929356612,0.4162681045061418,0.4215468213160058,0.9312702304258839,1.6239260447439392,2.209173887962625,-0.49412481334135316,2.5688563674127955,749.5734872827464,1325.9457037054196,healthy,1500,15
0.0022929340658939534,0.46196430177417586,0.461969992164353,0.9189371203545965,1.6115929346726519,1.9891705862764204,-0.2963501474681469,2.048806146967893,766.5631665975692,1318.3291881684086,healthy,1500,16
-0.06745134495320831,0.42420285576445754,0.4295320090222821,0.9254932925788479,1.5995386307312411,2.1546550034071434,-0.12941062163850228,2.3267586555435695,734.2556329039211,1341.152288288715,healthy,1500,17
0.019603091294591278,0.3998432158638328,0.4003234672869375,0.9254932925788479,1.5994015758612585,2.311863700171994,-0.34645591373312384,2.5937780570599074,840.8664681539534,1338.4393086541404,healthy,1500,18
0.04812817220024693,0.43412497288509166,0.4367846300430204,0.9107347849350457,1.5879859119802657,2.085088902136587,-0.456285123219387,2.3525111652486945,796.0739747827404,1280.5554565858731,healthy,1500,19
-0.030163156105791948,0.45069037888518226,0.45169860925835437,0.9343534165477781,1.618503996365243,2.068532860605976,-0.17689837738007433,2.098360367459338,779.493694593648,1299.2739894252747,healthy,1500,20
-0.04183338878954746,0.414745195640438,0.4168496248342352,0.9343534165477781,1.618503996365243,2.2414639732378014,-0.21294281440692567,2.4468290270490494,812.4128841835351,1298.1409226131925,healthy,1500,21
0.057895788138580075,0.417204556933149,0.4212025220840594,0.927490341959498,1.6200910477037624,2.20200566974335,-0.4507439603607991,2.5491495082870834,781.2963958455579,1326.2753779856846,healthy,1500,22
0.009269302643229643,0.46194603128042966,0.4620390197669797,0.927490341959498,1.6200910477037624,2.007385311800118,-0.3433383604968931,2.0721392990404413,773.645124577872,1333.9948737794487,healthy,1500,23
-0.061631183629034,0.4281263980014822,0.4325397270323724,0.9449566454256996,1.6223605993835106,2.1846701843794096,-0.1416018596467879,2.2679844313606825,742.2859187107492,1311.694678637146,healthy,1500,24
0.0061824848987908285,0.39565096180954684,0.3956992629514784,0.9449566454256996,1.6223605993835106,2.388067741492775,-0.31036070725853115,2.614269321829612,825.3549087308032,1303.4920239444743,healthy,1500,25
0.06080533852925667,0.4218611829569827,0.42622077246366386,0.9025305312528774,1.5823535005376952,2.1175188760141155,-0.4674490422227563,2.460494071933928,763.2254411496598,1307.8635692105972,healthy,1500,26
-0.01791565342967618,0.456140905805499,0.45649260299250566,0.9074638418250702,1.587286811109888,1.987904810893897,-0.20957487336697667,2.0662492308987868,786.6987585159275,1321.2575638901535,healthy,1500,27
-0.05712196284166636,0.42148568781345197,0.4253388104446424,0.9183659267400273,1.5946891433476367,2.1591397351303736,-0.19209793758522087,2.3609446390997544,759.8759452126634,1288.7125544804314,healthy,1500,28
0.04581377452085174,0.4123351350766066,0.41487246902450736,0.9183659267400273,1.6086813087712684,2.2136101937012755,-0.4075883153478319,2.5524667462723682,799.9248943836207,1312.34348436528,healthy,1500,29
0.019587290361937695,0.4580257719055664,0.45844440194358665,0.9124617457390776,1.6027771277703187,1.9903433037280824,-0.38694964944384347,2.142169069602352,788.3449110330431,1313.4965298493325,healthy,1500,30
-0.05291496521150588,0.43468800666469326,0.4378968562132632,0.9538917049745473,1.6390298332300148,2.1783479173738374,-0.1437858312137068,2.209012986246976,762.1829600531263,1307.5745068252315,healthy,1500,31
-0.008255103167340672,0.3955321537550358,0.39561828999984405,0.9538917049745473,1.6641629032331795,2.411141569652427,-0.2686790285476317,2.6043835334229906,850.3909834686073,1304.8427431124867,healthy,1500,32
0.06819775396414943,0.4175813041703104,0.4231135535980051,0.910679796892475,1.6209509951511074,2.1523295317135305,-0.517855826992986,2.5973947346923314,733.7025754184479,1331.5403643256461,healthy,1500,33
-0.007033107517591557,0.4602503833870544,0.46030411687197037,0.9429680096222672,1.6142175223353137,2.0485760931825165,-0.26323060540786164,2.0497199705455955,789.0277532937457,1318.3631301878554,healthy,1500,34
-0.06569482711584829,0.4241250798137414,0.4291828207614952,0.9432931772156059,1.6077647328683846,2.197881954646137,-0.1471542327418336,2.326253139419996,744.1305494631418,1334.5192139200017,healthy,1500,35
0.03308632019215054,0.40716252963962485,0.40850462681149147,0.9432931772156059,1.6178880757641196,2.309137069872122,-0.39027914960402404,2.609523544232278,786.68850447134,1285.317497534756,healthy,1500,36
0.03249898656705226,0.44853500433773746,0.4497108340302017,0.9302748829211499,1.6048697814696635,2.068606785336672,-0.44640129135558837,2.2646198166311295,784.9248785560106,1285.5426604895304,healthy,1500,37
-0.04066337794182659,0.441630644573517,0.443498744679238,0.9168714368347863,1.5851276367407618,2.0673597109980113,-0.1522282954145482,2.134334537257431,758.7154398427282,1290.4784196010035,healthy,1500,38
-0.024291856240865425,0.40022000966574356,0.4009565442993477,0.930767843226001,1.5998967998718754,2.3213683782623784,-0.21665842100382354,2.504317785632842,834.4861567716026,1303.678526390966,healthy,1500,39
0.06508662323412848,0.415717080446281,0.42078136781326364,0.930767843226001,1.602927669834385,2.211998710498659,-0.5007970067664611,2.567777894604962,740.2704900240975,1317.384233863903,healthy,1500,40
0.0014992784736879983,0.46111240421118627,0.4611148416103759,0.9233072829786125,1.6149951290867688,2.002336943989622,-0.3028589772840548,2.047370792858511,770.639909121646,1314.5360221735891,healthy,1500,41
-0.06585163795413329,0.42487685403979175,0.429949740458106,0.9233072829786125,1.6149951290867688,2.1474772418285277,-0.12765866997960867,2.3131122237642527,727.2356452065378,1314.162051552482,healthy,1500,42
0.021062741153112532,0.40103694170260196,0.4015896757575563,0.9128586031516527,1.5894667649119838,2.2731127268208042,-0.34696525606476647,2.5971372492132314,822.2662534509503,1303.7326851176294,healthy,1500,43
0.04756861126308693,0.43558770309268835,0.43817738401595163,0.9141764358135189,1.59078459757385,2.0863158824545978,-0.4529489746146818,2.351451887945,780.8826083869994,1280.1901496643661,healthy,1500,44
-0.02949157383512692,0.4507188201377874,0.4516826405272533,0.9559008315889559,1.6434469832659047,2.1163107580612195,-0.17950954773873395,2.1015361882113206,765.1039311049766,1290.7389510764804,healthy,1500,45
-0.041979935558232775,0.41291034586892383,0.4150388761490515,0.9559008315889559,1.6434469832659047,2.303159743077539,-0.21758382739146817,2.462614962055423,809.6829650508139,1292.7570511311633,healthy,1500,46
0.05646110018400236,0.4165898121589903,0.4203985340467433,0.9438436736755932,1.6247148722294908,2.245116471662428,-0.4552061566670187,2.563864439561619,777.265344592807,1303.9083352405692,healthy,1500,47
0.010220695490428137,0.4619539399153759,0.46206699213387536,0.9438436736755932,1.6384689623888993,2.042655479701234,-0.34520897975686327,2.0774441532207835,788.9571406936591,1328.8671590963636,healthy,1500,48
-0.06149997028503891,0.42811458322078505,0.4325093556344963,0.9403709546256006,1.6349962433389067,2.1742210709607503,-0.1338986174376044,2.275334487107692,740.728636119959,1305.7922929890713,healthy,1500,49
0.006033881180296408,0.3955746168570811,0.39562063296006755,0.9442900786062128,1.6198581989742973,2.386857508675085,-0.3183556509803289,2.6329106629863572,848.6391265528102,1318.7162814854341,healthy,1500,50
0.061997986535910383,0.4219293436312539,0.426459987984345,0.9442900786062128,1.631407213808989,2.214252462107774,-0.4784782990268537,2.4745344656427974,749.5096110756324,1277.8458762324326,healthy,1500,51
-0.018295440748080344,0.456833957820902,0.4572001620411745,0.922250910226954,1.6150579012792088,2.01717100428801,-0.2153154118703091,2.0663513578177555,756.9876147653328,1279.4420786121457,healthy,1500,52
-0.05640689277715388,0.42249511672436496,0.42624389873487706,0.930760705430411,1.6235676964826657,2.1836340836188226,-0.19531147462009318,2.358754426494942,773.4622229789394,1289.0053034191862,healthy,1500,53
0.04799661864420045,0.4111469784457137,0.41393902121727655,0.930760705430411,1.6103213414391728,2.248545455967052,-0.4152766274636377,2.566564490697246,783.2690244247439,1286.3506266455036,healthy,1500,54
0.020059796133602405,0.4591182463786862,0.45955626377926967,0.9392036220177333,1.6272268189301204,2.0437184646110538,-0.3965630992686453,2.1646279565269744,783.1281997064402,1311.4711442829453,healthy,1500,55
-0.05264264724240256,0.43669685446304934,0.4398583760787212,0.9392036220177333,1.6272268189301204,2.1352409613682575,-0.14167887224314732,2.2092588180166954,757.1827299228589,1308.9100853865498,healthy,1500,56
-0.007271106489932885,0.3945893551376183,0.39465634186911197,0.9310630373099557,1.614970367696814,2.359174142912483,-0.26173883668574327,2.5723176368169827,861.8417874171565,1333.1948136902488,healthy,1500,57
0.0688830454597205,0.41592339249713517,0.42158883094566424,0.9221900433085659,1.606097373695424,2.1874157363734317,-0.5156532883881573,2.5710815432942944,721.8005847555938,1316.7732600785303,healthy,1500,58
-0.006932008685829515,0.46072986651050046,0.46078201206123914,0.9561476572301258,1.6213586609388937,2.075054216516477,-0.25951812058359447,2.0490603917350403,777.1199001024634,1316.3235840262178,healthy,1500,59
-0.06530168018169112,0.4254853079233142,0.4304672539150329,0.9561476572301258,1.6543323124692708,2.2211855798832376,-0.14116670258964786,2.3289847827265318,747.6674113047627,1331.1927560458378,healthy,1500,60
0.03359572845235546,0.4068690283607267,0.4082536946672328,0.9175206196358698,1.615705274875015,2.2474275956253065,-0.37993941284594457,2.5850906562298537,802.1484665725571,1299.488070666229,healthy,1500,61
0.03260647353728689,0.45026945847453037,0.4514485212640359,0.9371829133029632,1.629270633389551,2.075946357009428,-0.44137829073216106,2.273367365799189,782.1971974172058,1284.1051348396334,healthy,1500,62
-0.042391599769881605,0.44335628008005273,0.445378309774367,0.9371829133029632,1.6006636117318336,2.1042401314229364,-0.16045725297256286,2.1491657048965473,776.0229544874888,1296.5755587353988,healthy,1500,63
-0.026283157992582927,0.4002316407565301,0.40109371804695126,0.9328173851535115,1.6042447359259406,2.3256843549261204,-0.23193236328140712,2.515160074060594,842.4904343102194,1304.1333433591178,healthy,1500,64
0.06665250986076941,0.41679703044527117,0.4220927879729009,0.9328173851535115,1.608619273640356,2.209981813269934,-0.5048583390029963,2.577482844874103,729.5539158696523,1303.9738580686926,healthy,1500,65
0.003311366085338524,0.46263615322981294,0.46264800380054605,0.9506796791281911,1.6264815676150355,2.0548660560795495,-0.3030752158436217,2.044940307981229,761.7185942193579,1308.4080045150183,healthy,1500,66
-0.06587375076564357,0.42572412688285244,0.4307904168503533,0.9506796791281911,1.633353929529739,2.206826432812113,-0.1235543572684544,2.3113598742128003,730.1165559872513,1336.6520196447902,healthy,1500,67
0.020257157935816027,0.40080290825119425,0.40131449476719855,0.9065797989646339,1.589254049366182,2.2590258028547807,-0.34394626065397677,2.5886327896573436,831.0715501614491,1334.0956404995122,healthy,1500,68
0.047058415338293434,0.4352209845847231,0.43775769539443515,0.9186521909482224,1.6147501500450374,2.098540357835698,-0.4497538127796277,2.352629939868533,793.1652505110593,1291.1037073606274,healthy,1500,69
-0.029390751304281884,0.4517039464414114,0.45265911179713986,0.9282318043661223,1.6243297634629372,2.0506199477037135,-0.17530310984832842,2.1034204966284316,767.0604166142111,1286.0550407418636,healthy,1500,70
-0.04089686782487368,0.41392494288419585,0.41594039493606527,0.9328479153972115,1.5985157935123553,2.242744216551331,-0.21105959092257517,2.441301569359708,804.1806504150713,1271.5283490852207,healthy,1500,71
0.059512430271982206,0.41628936256811927,0.4205217743996719,0.9328479153972115,1.6045566229056676,2.2183106130641974,-0.4597810579213045,2.550456284590042,781.1714417895719,1314.3481793589506,healthy,1500,72
0.011294236485163034,0.46257902588803784,0.46271688424922286,0.9225195946873426,1.6097934242259329,1.9937020365807447,-0.3551597520416489,2.0777717417324566,796.5156850731976,1334.85932231911,healthy,1500,73
-0.061065275993284755,0.4291100534741101,0.4334332773619138,0.9097331170287509,1.5970069465673413,2.098900025295566,-0.14167557341070258,2.2650429348708183,756.6719749675811,1324.7530696154276,healthy,1500,74
0.007813762571481406,0.3957068990611056,0.3957840381446421,0.9164681500193823,1.5952362265777655,2.3155763281511996,-0.31363343453943904,2.625753034452984,859.4487667927417,1340.7983170527443,healthy,1500,75
0.06105076546220019,0.4226344555427625,0.4270211692357276,0.9213631243609877,1.6252276557678438,2.1576521037452463,-0.46975217852356105,2.470382599282579,772.2181324783209,1300.7461333785816,healthy,1500,76
-0.018541465669599348,0.4579395542631424,0.45831476226268614,0.925133921290089,1.628998452696945,2.018555798903084,-0.2054050314170886,2.063199204577944,785.2412495832273,1304.890417729702,healthy,1500,77
-0.05599941430648942,0.42247329478346207,0.4261685338077694,0.925133921290089,1.605609565675429,2.1708170540115583,-0.18320013873154278,2.36451931277314,758.3074412105366,1291.6860185948121,healthy,1500,78
0.04700937773349798,0.41140719725268937,0.41408424691867224,0.9161814068252514,1.592571471563379,2.212548324215623,-0.40209054952634493,2.5457791526559617,784.6079712791343,1299.6033493660518,healthy,1500,79
0.019660340340515583,0.4589893789389696,0.45941025125816026,0.9320779508797086,1.6084680156178361,2.028857536644415,-0.3881821621985457,2.1429166061101075,766.4416036181971,1293.8811783032725,healthy,1500,80
-0.05270426032428073,0.436144513441069,0.43931739740314907,0.9320779508797086,1.6050061801229822,2.121650442657526,-0.14291806096785037,2.2158140019314603,757.9815049040177,1307.2852015099245,healthy,1500,81
-0.008402893089614966,0.39489775569504704,0.3949871467089284,0.9301882729920454,1.6026330797038524,2.3549836507515924,-0.26482127010227763,2.605653043802551,868.3812731276387,1341.7119447052532,healthy,1500,82
0.06801774100817139,0.4170594047010101,0.4225694737453423,0.9271800247211924,1.620081608003469,2.1941481392016837,-0.5114066689778012,2.589307119630571,733.5140478888629,1339.078550439219,healthy,1500,83
-0.006199309370039319,0.46165276406018807,0.46169438593194645,0.9250823049735983,1.6179838882558748,2.003668082092703,-0.2614707196580577,2.051234560206261,776.2278417931889,1296.9260283271055,healthy,1500,84
-0.06571966575206896,0.42495043935651994,0.43000226787292994,0.9250823049735983,1.6187723395993865,2.1513428506656975,-0.14807644680878593,2.3178422612970544,731.3912267572233,1305.0894164401448,healthy,1500,85
0.03314533386151475,0.4055316024633362,0.4068838823955462,0.9224599669932141,1.6220360722908547,2.2671332207495625,-0.3866672229837159,2.592153074913919,806.159668939669,1317.9634215244791,healthy,1500,86
0.03176777564157981,0.4486292305059809,0.44975257423788284,0.9440684425183212,1.6436445478159618,2.099084021716075,-0.454320809090596,2.2859273792745975,783.107106267466,1284.5031462827658,healthy,1500,87
-0.042474120047231674,0.4425839858618661,0.4446174034101264,0.9440684425183212,1.6354562700229756,2.1233276859276597,-0.16696484815403684,2.1613553165025037,772.495350018855,1309.4270182869886,healthy,1500,88
-0.023053254111560152,0.400565038331883,0.40122786849738523,0.9134970661205819,1.5935315545104962,2.2767537791280312,-0.21945306091081165,2.509987995631175,850.6868109255132,1319.3278662521075,healthy,1500,89
0.06770128047708418,0.417025603676396,0.42248528672593955,0.9130986138222164,1.5949874402542894,2.1612554147912975,-0.49646736854492646,2.5493537952046363,727.211255644649,1314.3878439925477,healthy,1500,90
0.0023113612240443296,0.4624659261308811,0.4624717020778694,0.9193636201184932,1.6012524465505662,1.987934863450089,-0.30146399910645394,2.0440219029646207,773.4154337547666,1319.1452895387656,healthy,1500,91
-0.06682538601316089,0.4237373372215139,0.4289743152816809,0.9193636201184932,1.591113202083904,2.1431670548864616,-0.12656258201507176,2.3279346053072754,720.1656323685404,1315.4612686617443,healthy,1500,92
0.02021230113287783,0.40100364723656423,0.40151271737531924,0.9191113599719756,1.5917438255360057,2.2891214150109027,-0.33950452376428664,2.5910116155645664,814.6425697641683,1302.589340649154,healthy,1500,93
0.04725121327088465,0.43620070087050333,0.43875246847794375,0.9191113599719756,1.5972212188803336,2.094828920167538,-0.4555474741210379,2.3525291958856895,818.944140131156,1319.536696577648,healthy,1500,94
-0.030459595574872995,0.45037483927947,0.45140368055499197,0.9148288830999225,1.6016071493745345,2.0266314217298698,-0.181115078267225,2.1039189559711877,761.1267884916466,1288.7689356627106,healthy,1500,95
-0.02314454948315959,0.7723569154754389,0.7727036139772564,2.2811880916044296,4.3108374218280066,2.9522161538335343,0.300155080486099,2.6199734082326245,1974.0796522486587,1614.32824146066,inner_fault,1500,0
0.0394561139356058,0.8053655404983232,0.8063314695266803,2.1219457527381116,4.125645054213763,2.6316047837256575,0.1885879752037664,2.370077786185738,1908.9980026163394,1605.5676854684816,inner_fault,1500,1
0.02571779146714282,0.7666965784182754,0.7671277912813734,2.233141567320536,4.355087320058647,2.911042452652249,0.1853098282310725,2.421837774912891,1962.2787849334463,1595.0448511877266,inner_fault,1500,2
-0.06452028289080775,0.7432541348171726,0.7460493119272572,2.437657811668254,4.67079937898879,3.2674218344151402,0.25160610997430155,2.631811068294689,2010.8984620016295,1612.8905031075699,inner_fault,1500,3
-0.05059788063556009,0.7940460703848671,0.7956565260327222,2.437657811668254,4.73943288278908,3.063706174216225,0.2641433198833085,2.6401199350304148,1985.8938598596465,1611.0990245040546,inner_fault,1500,4
0.05494585713938602,0.7999743026486034,0.8018590475357256,2.345480161146612,4.274796033144355,2.925052935503116,0.12502972444236804,2.45945890355951,2059.7730126829765,1607.7184433501193,inner_fault,1500,5
-0.015187186436084445,0.7650456818371908,0.7651964100344281,2.345480161146612,4.320326455832984,3.0652001630987304,0.19198762263135533,2.5892237490230743,2033.1133068382214,1615.8565660836805,inner_fault,1500,6
-0.04474478029474344,0.7582964946304522,0.7596154745214557,1.9861880187106167,3.9610343133969894,2.6147282211442664,0.283756770303215,2.6856671452537393,2000.338166074451,1618.1266613541047,inner_fault,1500,7
0.027604256469704054,0.7877828394336158,0.7882663237011558,2.3363690656657665,4.520515784218862,2.9639336289280926,0.2936987538762755,2.560978720931886,1984.7050507629754,1606.599616299234,inner_fault,1500,8
0.0376489322674358,0.771777774065495,0.7726955251859351,2.3363690656657665,4.522693396637036,3.0236606647892725,0.24124502972153583,2.547026684951896,2023.8333866008622,1613.2730188718485,inner_fault,1500,9
-0.04457961514959261,0.7442919449566118,0.7456258052228221,2.4858721800550856,4.293196472263055,3.333940647318149,0.3001410326850693,2.5565750683062394,2060.343820393813,1609.8858001994636,inner_fault,1500,10
-0.01573295362343015,0.7697245195803526,0.7698852913732809,2.4858721800550856,4.3274547837787,3.228886442677751,0.27626250628346616,2.4826828500800815,2025.66310719688,1611.3463320600226,inner_fault,1500,11
0.05563682735390351,0.8031804053129182,0.8051050987521018,2.036685853022526,3.8782684567461407,2.5297142645430766,0.17726532045976862,2.4009435611905774,2003.541950188581,1615.858078822803,inner_fault,1500,12
-0.029773444260843357,0.7702039136519141,0.7707791684963201,2.200420910452981,4.0370588257772635,2.854800700517383,0.2851700738056767,2.567728850868499,2006.1893707845554,1618.9313784529238,inner_fault,1500,13
-0.053237914176722814,0.7564524451874811,0.7583235307808978,2.200420910452981,4.0370588257772635,2.9016914560159925,0.3299664092740632,2.4745008161901136,1959.6233127379835,1612.0708418658737,inner_fault,1500,14
0.018987948859032804,0.7860940186327924,0.7863233103069794,2.1001305773819916,3.9186343764956,2.670823247367576,0.2769309842285592,2.3770098945306626,1929.4556267593887,1609.7359827749308,inner_fault,1500,15
0.037854949604278716,0.7818180167486153,0.7827339321393193,2.102257498249224,4.20171115429773,2.685788122452909,0.2243579727672518,2.5437109243329488,1949.560356615,1609.4010366907094,inner_fault,1500,16
-0.05534106313910299,0.7777901717889857,0.7797564905795309,2.1156401452885545,4.21509380133706,2.713206200367562,0.24354513857168664,2.6594643382584238,1983.5181730493207,1585.4104520173162,inner_fault,1500,17
-0.04496585562569275,0.7873426799234525,0.7886256550488291,2.317137597336483,4.368498609421845,2.9381970802093598,0.2569007735214874,2.5863856637814546,2005.0278724559773,1602.972391130995,inner_fault,1500,18
0.0714352757567775,0.787872851501075,0.7911046888717586,2.317137597336483,4.54623034532337,2.928989841215822,0.12519037809695532,2.459727062702682,1979.0713907802035,1613.8340916409713,inner_fault,1500,19
0.04164699230631684,0.7821962121968891,0.7833041467676033,2.229092747986887,4.366624613433209,2.8457563475195746,0.14478683303121404,2.4167284510128066,2030.0287948320338,1616.631967241389,inner_fault,1500,20
-0.06330764246458517,0.7597015392118037,0.7623347599809466,2.137531865446322,4.226575303121272,2.8039281131813447,0.29294446398936635,2.6317646325329958,2034.0645643878197,1620.2650281684814,inner_fault,1500,21
-0.02958600056030261,0.798628167135656,0.7991760011234142,2.4414242492621634,4.530467686937113,3.0549268815939445,0.3024834465939765,2.579131093192993,2018.8627920330457,1619.9058191749887,inner_fault,1500,22
0.05066151471937914,0.8108086437473072,0.8123898361310348,2.4414242492621634,4.368218120398608,3.0052373138846717,0.18580878825163943,2.4380127095269843,2012.9322126659408,1635.2457780221632,inner_fault,1500,23
-0.03138927559294578,0.7851600650307926,0.7857872576858246,2.266592521452986,4.0652759213380385,2.884486225749886,0.31105563063436203,2.5137992470555703,2028.8921452858006,1625.5136124336518,inner_fault,1500,24
-0.03674210083538322,0.7878368107702468,0.7886931103911274,2.266592521452986,4.358460266528166,2.873858654656632,0.363778943595568,2.5445987495393068,2004.2846597183939,1621.0501649277883,inner_fault,1500,25
0.05088575060908977,0.7790954131610652,0.7807554177997496,2.165674978881932,4.244268201731433,2.773819981560485,0.17638592720586876,2.4234096560108696,2006.3752092236778,1612.7894197773112,inner_fault,1500,26
0.022715452761775785,0.772552298202812,0.7728861787175517,2.165674978881932,4.2160156907288036,2.802061983040278,0.1862727347379675,2.416705507639994,1948.3054484249471,1585.5301001678642,inner_fault,1500,27
-0.06933822175481438,0.7651718160412052,0.7683070330668044,2.086774817845227,4.070515441856753,2.7160688732002987,0.3163913747122832,2.6104558489419034,2015.2989837908196,1608.0612149595377,inner_fault,1500,28
-0.022759424255084697,0.7922983490592362,0.7926251732782742,2.086774817845227,3.909527921405505,2.6327385098698217,0.333455907477243,2.498592128789512,1963.3700831200906,1611.5486917526473,inner_fault,1500,29
0.08060748297702414,0.7706050832730942,0.7748094996050473,2.0846627160939266,3.979780609913769,2.6905487308654723,0.17691260151114077,2.399065579405274,2008.6777962424592,1594.1249832790597,inner_fault,1500,30
-0.00478426614354964,0.7497071737995208,0.7497224390726193,2.1907824022564046,4.085900296076247,2.9221246261137845,0.2633519910240081,2.5702839413425345,2023.6245641718579,1604.140229663041,inner_fault,1500,31
-0.0537219645359831,0.7538234966607754,0.7557353462631503,2.2663147094913776,4.457097111747782,2.9988205797143634,0.29659201931761187,2.6437602897463375,1993.1249909738638,1592.8859369031538,inner_fault,1500,32
0.008797878229372308,0.7917832205369185,0.7918320977234716,2.336069390637418,4.602384100128796,2.9502080012399468,0.20588754733412803,2.5275229718635055,1890.2470000487372,1566.8045866680952,inner_fault,1500,33
0.032707823187598246,0.7822248007492901,0.7829083219668429,2.336069390637418,4.518955709256488,2.9838351755800723,0.17968048736178954,2.530737864797183,1964.3074070135838,1597.5154540275137,inner_fault,1500,34
-0.062179758382216184,0.7607129036570117,0.7632499224649504,2.3490310326019537,4.258717534421535,3.0776695328155212,0.3488125956353491,2.6090237554996722,1984.920496365507,1593.3041731242467,inner_fault,1500,35
-0.040155489470067834,0.7766933207984088,0.7777306589735553,2.3490310326019537,4.214765745992055,3.0203657335563387,0.35449155547099787,2.537437178591109,1989.5225806657315,1615.450776246015,inner_fault,1500,36
0.07919194969914567,0.773482951769446,0.7775263606946887,2.5462561766074647,4.411990889997566,3.274816527127138,0.2143465725586421,2.4429533034548,1992.7351309181015,1611.86154207945,inner_fault,1500,37
-0.005544479205253236,0.7509043661681851,0.7509248353730893,2.5462561766074647,4.4716281619716725,3.390826959403068,0.24194031068500146,2.7617140347103892,1979.772257418961,1581.5830462466672,inner_fault,1500,38
-0.0464387640596179,0.7439279039399275,0.7453759353962528,2.485135373539027,4.626851766245623,3.334069769618314,0.22213112479952007,2.781331856543498,2010.661098389267,1603.935939362232,inner_fault,1500,39
0.0332510163818507,0.7952645189644182,0.7959593489708715,2.485135373539027,4.955013656982473,3.122188810822992,0.24717916131694104,2.520066607008492,1958.9370855508112,1624.417825739082,inner_fault,1500,40
0.055038758199701186,0.7674195206022902,0.7693906585770418,2.4698782834434465,4.244792418722632,3.210174513543449,0.23546382969211038,2.4652240590341306,1983.6345954313906,1619.5320653478238,inner_fault,1500,41
-0.050780418576004197,0.745370906024522,0.7470986805359591,2.233689125263397,4.253813288077664,2.9898180563804435,0.3071419578712909,2.5734452711077034,1977.3175033411621,1605.3436635294993,inner_fault,1500,42
-0.0228199261115863,0.7765168452299417,0.7768520837029399,2.233689125263397,4.258317788150885,2.875308146602083,0.2158773261328008,2.4831775082490934,1955.894974783018,1591.7444109501946,inner_fault,1500,43
0.0758582923328435,0.7809460681593298,0.7846217189762029,2.1511762997515986,4.2359256890736185,2.7416731495584243,0.11651285570067943,2.42150717431029,1957.6786961661915,1627.173317708316,inner_fault,1500,44
-0.007760752917742576,0.7682151929995265,0.768254392790012,2.1511762997515986,4.2359256890736185,2.8000833052959506,0.20766951974635245,2.4756547417628134,1993.1861017826368,1606.2186795880023,inner_fault,1500,45
-0.08892297171900086,0.7542202799376719,0.7594442214992477,1.9973324031650463,3.8623886913762124,2.629992231633598,0.27728855181952083,2.459871501406323,2007.570271319256,1615.5404198178112,inner_fault,1500,46
-0.04520520000856559,0.7847132506837354,0.7860142466307143,2.206362833222049,4.058078572367201,2.8070265168844215,0.27775319267923093,2.514801876010059,1939.5714085280326,1602.3738711984413,inner_fault,1500,47
0.049789664342572704,0.7910542809788778,0.7926196352162589,2.206362833222049,4.277242013679281,2.783633832565478,0.1606220774004295,2.522967948966871,1996.4851887255081,1611.870387851134,inner_fault,1500,48
-0.025793316753557692,0.7671601052314289,0.7675935918491285,2.164662337784395,4.235541518241627,2.8200630652579184,0.2413169758713845,2.5135593500254516,2019.3812995665244,1621.0111494060568,inner_fault,1500,49
-0.06405640176504443,0.7798949120241733,0.7825211156309315,2.3237312045579492,4.112603443007005,2.969544409529979,0.34575567472727586,2.558162417578191,1993.653972617374,1622.7672875057583,inner_fault,1500,50
0.04787779617853567,0.8007184586088377,0.8021485730984169,2.3237312045579492,4.572315598238994,2.89688379709074,0.22842020359151646,2.5834863888922373,1967.4301615327336,1610.1485846860705,inner_fault,1500,51
0.04928046712831665,0.7778519011789067,0.7794114090825363,2.2485843936810443,4.460207505396625,2.8849775191761804,0.19495879366489952,2.574568198747143,1958.7883534595926,1602.9671686566764,inner_fault,1500,52
-0.04925449031852753,0.7652769940502322,0.7668604060968965,2.078786171769812,3.9692505831598988,2.7107752010293122,0.25035255685533486,2.577100518938881,1976.9789047315694,1607.9684528520006,inner_fault,1500,53
-0.002998712290660531,0.803218687986282,0.8032242856175394,2.078786171769812,3.9678116266512253,2.5880519410749425,0.22914033835190312,2.4570094745701008,1965.312851507917,1620.1984711809441,inner_fault,1500,54
0.08072052542752484,0.7956637540394749,0.7997478432090239,2.5584632533920137,4.444083433575085,3.1990874058580228,0.1368489047871161,2.479473274059034,2042.1899984750912,1639.4704799020997,inner_fault,1500,55
-0.015027230620557781,0.7670178340617976,0.7671650248994506,2.5584632533920137,4.87259104340096,3.3349581511407482,0.2235872076611941,2.7403132952948344,2059.0040792161362,1648.0191558147387,inner_fault,1500,56
-0.02949482358372378,0.7797899132433691,0.7803475209253478,2.3141277900089463,4.447581878265788,2.9655092476852722,0.29882735248169795,2.636108670831053,1989.2683818538076,1633.3336360200158,inner_fault,1500,57
0.023904923650578606,0.7907268465541328,0.7910881058619091,2.1334540882568414,4.0154119804189525,2.69686027659676,0.17589338210652733,2.4205347533280817,2004.2916671957755,1612.0110892341338,inner_fault,1500,58
0.020853494053629518,0.7670681629743252,0.7673515718776178,1.9882511194352586,3.8702090115973697,2.591056292894715,0.144311926089091,2.531688042790039,1987.6024550818577,1614.0842727868921,inner_fault,1500,59
-0.047353364678623305,0.7558666824649793,0.7573485213605429,2.027563972614171,4.015815092049429,2.677187470709026,0.250217296770373,2.6231912824776176,1986.732235477302,1594.1323747095241,inner_fault,1500,60
-0.0420933262165748,0.7856532150068047,0.7867800342932602,2.0529135930027262,4.039371345592409,2.609259898906647,0.25596488681834784,2.52780541741439,1963.3684862644911,1595.959968228695,inner_fault,1500,61
0.06266177346584535,0.7866218587135473,0.7891137094613431,2.1641791046805468,4.217092697683273,2.7425440446137763,0.11149387933874945,2.4901217723303555,2027.1680282323591,1602.1910693239656,inner_fault,1500,62
0.029509208372237535,0.7664938854627855,0.7670617118789035,2.2215938210777844,4.415361913070019,2.896238707243525,0.20130229724674456,2.7033439642302843,1977.9985620775599,1603.3016495652748,inner_fault,1500,63
-0.054778794444561435,0.749364584121166,0.7513640903422838,2.2215938210777844,4.415361913070019,2.956747400278423,0.32236290711684,2.828762792317733,2030.6442771338513,1616.5841753355703,inner_fault,1500,64
-0.020175648412868126,0.7920633936318842,0.792320311692523,2.0995279550776624,4.001056447892068,2.649847446580979,0.2313753154769728,2.4166392160225625,2038.0117811816358,1617.2476361688648,inner_fault,1500,65
0.03305730551360512,0.7906101661336351,0.7913009669156699,2.0995279550776624,3.9410707157397202,2.653260949491657,0.14851499015583036,2.3799806680298285,2039.7847607569677,1629.1792168733891,inner_fault,1500,66
-0.049563536385617564,0.7707374017718993,0.7723293899814679,2.443726489403403,4.660863500417868,3.1640987909907587,0.3064413812477044,2.648472598075825,2003.6377950820472,1622.406475679488,inner_fault,1500,67
-0.024239600544169543,0.7742826691170743,0.7746619972153027,2.443726489403403,4.660863500417868,3.154571281245849,0.3095383073098166,2.6865711659768445,1973.9562925639375,1628.8475736658656,inner_fault,1500,68
0.05994942045757837,0.7706698341819092,0.7729980118546042,1.9546475379219908,3.776999875641253,2.528657910748652,0.14859071741550678,2.39535483190715,2018.2656060232582,1617.01235224626,inner_fault,1500,69
-0.014743784268580713,0.7712037475125259,0.7713446696204765,2.163992626450294,4.14748602776193,2.8054807551006893,0.12398337938578163,2.473147916385757,2003.315871197773,1603.3435665497013,inner_fault,1500,70
-0.06663706867967073,0.7619863589343056,0.764894574516109,2.178159835182565,4.342152461632859,2.8476601971922157,0.2945382293336024,2.6627490824840025,2008.763666772843,1621.069127541802,inner_fault,1500,71
0.00435046530807039,0.7837861826835029,0.7837982563861533,2.178159835182565,4.123731133646121,2.77898019950628,0.34102769297844626,2.5036217597983126,1981.3487301949583,1625.3055954217898,inner_fault,1500,72
0.03406243318944202,0.7655880059729807,0.7663453818249771,2.2598514526839226,4.112774727850345,2.9488681030574218,0.22433255970694901,2.528685984826039,1988.91447169997,1609.1861250789293,inner_fault,1500,73
-0.04723979196487592,0.7439116914771179,0.7454100902598725,2.2598514526839226,4.352055007679127,3.0316888406929148,0.25707665706617827,2.58954766792892,2027.742695494094,1603.0878953358706,inner_fault,1500,74
-0.03289804244804524,0.746865203062663,0.747589401170687,2.1301391815505895,4.222342736545794,2.8493437412702285,0.30561690394259877,2.579858441151836,2008.6097164986259,1596.0132021675797,inner_fault,1500,75
0.030795136801894725,0.7811743760015948,0.7817811370019927,2.203793493865927,4.152319555133106,2.818939200855157,0.32569837085596276,2.5259105265471553,1929.7902414061655,1587.4498150515365,inner_fault,1500,76
0.034043290122380734,0.7749082699278979,0.7756557048104555,2.393378613739626,4.341904675006805,3.085619816353863,0.26883021505704974,2.5488320081377314,1940.9912146854376,1591.3470706600272,inner_fault,1500,77
-0.06918552458284738,0.7713740012901743,0.7744704556522589,2.393378613739626,4.6245185144285585,3.0903420472184298,0.2667670572277779,2.5467500383795434,1935.6221716771706,1590.1373582871563,inner_fault,1500,78
-0.05046063466610711,0.7900133961566006,0.7916232953607368,2.305508071350762,4.536647972039695,2.9123802755310795,0.24137174668722447,2.446403613529986,1961.9088829138352,1611.3773548595846,inner_fault,1500,79
0.0975945553190206,0.7791631800870283,0.7852515255835218,2.140825269502292,4.015484853326887,2.7262924037477183,0.14083194937622046,2.418196696988061,1974.9285510275154,1609.2582308215613,inner_fault,1500,80
0.027039460980138673,0.7671760137670858,0.7676523748088403,2.140825269502292,3.992804104719066,2.7887952144439305,0.1772845944342047,2.499703950967273,1997.415048820303,1594.5682311273263,inner_fault,1500,81
-0.03876426593604442,0.7668614417849856,0.767840568874885,2.1263272879863413,4.110649228087874,2.7692301942643125,0.26998163619403304,2.4655455053361752,1953.376535904227,1594.6334907615621,inner_fault,1500,82
-0.0023230520470237763,0.7916968967593848,0.7917003049824177,2.6131150017681417,4.597436941869675,3.300636598208852,0.21785344093451092,2.415569849953118,2036.9914855524125,1614.4496100785302,inner_fault,1500,83
-0.0062431475592972414,0.7761273991352836,0.7761525085831695,2.6131150017681417,4.716851817526078,3.366754565029477,0.24489398328100992,2.5038575314024607,2031.6897791916688,1617.0117016433624,inner_fault,1500,84
-0.05932485012902103,0.7632470640975829,0.7655491615150595,2.1474163360979244,4.251153151855861,2.805066537552696,0.2796106113179556,2.7234946843649186,2000.5302118145694,1604.0629804248586,inner_fault,1500,85
-0.017570628123030584,0.8170569438335658,0.8172458482239506,2.2804326646029254,4.427849000700849,2.7903875795511874,0.17843622302193105,2.4669215949100547,2013.3352455376569,1622.719904006218,inner_fault,1500,86
0.05981520493618095,0.8111197524701602,0.8133222679779593,2.3975527786065745,4.532599048940046,2.947850898356028,0.12316581702031117,2.412275807289714,2021.036119699806,1607.2936967772594,inner_fault,1500,87
-0.012431344674598097,0.7544691931949303,0.7545716015134863,2.3975527786065745,4.532599048940046,3.17736948154414,0.23766840806523487,2.579700484450435,2024.9908662525468,1594.1081035999957,inner_fault,1500,88
-0.05250176593613583,0.7431991568768197,0.7450512883076094,2.1209869341786556,3.9985108211462035,2.8467663463971986,0.29246701603608594,2.582740987962839,2001.0812022200419,1601.5628695993391,inner_fault,1500,89
-0.004833622822793461,0.7828458234287933,0.7828607457073693,2.0300954266318625,4.057627897404174,2.593175654168497,0.19735710160673003,2.46148418290573,1951.1119489386158,1599.1912926099847,inner_fault,1500,90
0.009076108726287217,0.7852234652041407,0.7852759171506596,2.128007012323973,4.185816335474943,2.709884469365071,0.14095100679584044,2.501647310537423,1995.9757734529933,1600.025682850789,inner_fault,1500,91
-0.07294427964918063,0.7513535212427239,0.7548860720780178,2.128007012323973,4.244892925156973,2.8189777116753385,0.19741580967956174,2.5960843486724676,1979.4658415180086,1602.2709675587737,inner_fault,1500,92
-0.057158533823231425,0.7730243594999019,0.7751346711179,2.1891695412211725,4.363952151668062,2.824244124935768,0.28856096498507583,2.5389428878496223,1960.739451994014,1611.0468347150743,inner_fault,1500,93
0.03774577162858249,0.7948833148310204,0.7957790066799878,2.1891695412211725,4.363952151668062,2.7509767442588755,0.14238999592129414,2.330051464612769,1956.785119079576,1599.1124622353702,inner_fault,1500,94
-5.2566262086623655e-05,0.7825566441296108,0.7825566458951135,2.570667235487073,4.444844792815017,3.2849599433382424,0.21241941403959858,2.4317565379543336,1958.4666393798682,1600.4896599247659,inner_fault,1500,95
-0.03813571253060126,0.8835184098645628,0.8843410615479879,2.365363929551067,4.51082979304603,2.674719101183838,0.009904361439863701,2.2606938051930126,1950.0739068184869,1629.7990870783374,outer_fault,1500,0
-0.0617046431264999,0.9241997667432984,0.9262573464387399,2.365363929551067,4.2753439533065585,2.553678994709207,-0.0844884736753251,2.2566906470796115,1972.1697791965182,1629.2375570370266,outer_fault,1500,1
0.009140441935999569,0.8983242366043498,0.8983707373626844,2.3858295891960086,4.3855885951698745,2.6557294107045744,-0.15907104561197016,2.330390109373454,1977.2184858179755,1606.4431216870667,outer_fault,1500,2
0.08508484564006313,0.8753888967296566,0.879514156495027,2.3858295891960086,4.468945764189274,2.7126676373608003,-0.13577533522650598,2.280766193503176,1932.4449472563417,1631.0808349024142,outer_fault,1500,3
-0.066847189723308,0.9212023008947142,0.9236245048436185,2.399141156926341,4.596126763170691,2.5975286970897264,0.02200644218451661,2.1626516241664615,1900.2941483338163,1624.2914859784016,outer_fault,1500,4
-0.04196264744412513,0.9312814595400913,0.932226378442298,2.399141156926341,4.596126763170691,2.5735606845601446,-0.006430343756830936,2.1438602380123775,1930.704174519282,1613.1678514654195,outer_fault,1500,5
0.04598114692976186,0.8659441306853346,0.8671640579160071,2.4658477387937645,4.53444362473225,2.8435769633204133,-0.17770737839335418,2.3416207444004065,1959.4144212851452,1634.0751807644026,outer_fault,1500,6
-0.009097473874757803,0.8728477151565801,0.8728951242188057,2.4658477387937645,4.527696277787886,2.824907219774054,-0.16394693074466027,2.4094372452924606,1937.3582762614908,1620.1435253710283,outer_fault,1500,7
-0.03464784857532592,0.9261524648004332,0.92680033527552,2.4280966140161038,4.506080846397829,2.6198702367023747,-0.08190125361831142,2.2207530266779703,1934.2168422729703,1616.172306575836,outer_fault,1500,8
-0.007139089080956153,0.9085975307335924,0.9086255771483033,2.4280966140161038,4.506080846397829,2.672274119081472,-0.05447733889733242,2.2745966802645725,1928.1766803784667,1638.705299638222,outer_fault,1500,9
0.08561782428936646,0.8594715962500342,0.8637255562947218,2.3042271782100423,4.339680862843084,2.6677770052655623,-0.1223552811986435,2.338604719197601,1935.67867389931,1653.0347754559893,outer_fault,1500,10
-0.026280870178065734,0.8646354375959052,0.8650347531076302,2.6052004371266735,5.006591338007362,3.011671412583535,-0.021210797804875642,2.3402455379693956,1939.1025145008769,1607.414559525485,outer_fault,1500,11
-0.03931297797397911,0.9027516705499117,0.9036072647549038,2.6052004371266735,5.006591338007362,2.8831114339756905,0.017318272349319846,2.2755128028452942,1924.051132438377,1603.2442959540463,outer_fault,1500,12
0.053132300406122004,0.8836026437733736,0.8851986632557359,2.3206065059638648,4.364334113245173,2.621565759223565,-0.086476590384237,2.2158235856590416,1922.6430345489794,1614.303905810582,outer_fault,1500,13
-0.01068410343540456,0.8918047537099586,0.8918687508854083,2.4586729055060506,4.502400512787358,2.756765390411438,-0.09353613637883898,2.2336602586708567,1931.111451081466,1626.7715422095796,outer_fault,1500,14
-0.042779430258845993,0.9073136294090415,0.9083215849932659,2.4586729055060506,4.53434255484079,2.706830868996244,-0.04614938312826125,2.3105517631092036,1948.2627498239588,1645.2510446273936,outer_fault,1500,15
-0.01110220734989496,0.9017587009485551,0.9018270420343725,2.4208326797980546,4.690140330788658,2.6843647026469957,0.058521489143516764,2.3372518435160776,1946.8925353706695,1644.109945445887,outer_fault,1500,16
0.08295685574782266,0.8879535002559347,0.891820194059504,2.3554117690244536,4.624719420015056,2.6411285418854096,-0.13338367790510386,2.341371303386024,2017.5945006451282,1651.8339691635576,outer_fault,1500,17
-0.0024826925187465265,0.9042346502255166,0.9042380584948883,2.859147193351475,5.048406212367287,3.161940781163707,-0.24709892220931273,2.406444200254524,1936.5518122103476,1611.8066026659415,outer_fault,1500,18
-0.06777762943938954,0.8946513137093923,0.8972150133465024,2.859147193351475,5.06599572665867,3.1866912061229735,-0.059588878683455776,2.3631647163969713,1912.5283237460635,1620.3827547267651,outer_fault,1500,19
0.05591305372701169,0.8969415998582495,0.8986826487327748,2.2375937121861087,4.4444422454933035,2.4898597019674695,-0.07508868885656056,2.193386497720787,1956.645025762629,1630.5170550359326,outer_fault,1500,20
0.03744953950908062,0.891980975704722,0.8927667831122471,2.2375937121861087,4.201261647481542,2.5063586081631146,-0.12860601028965668,2.2099731310591304,1964.6413527408445,1614.6036618375701,outer_fault,1500,21
-0.04313824901414674,0.8558192525003406,0.8569057716448457,2.5483983944848396,4.436965804475027,2.9739540548265286,-0.13148040799537927,2.322353527439665,1904.400353697245,1626.4077648640557,outer_fault,1500,22
-0.020139988107332682,0.8736494954121121,0.873881605227391,2.5483983944848396,4.671059396492349,2.9161826715989836,-0.0965770002514853,2.3543551712565494,1936.1978063615954,1628.2143666185532,outer_fault,1500,23
0.05455680380051587,0.9120334408526612,0.9136637467222133,2.8887039377786707,5.01136493978618,3.1616707435594176,-0.07226169615893968,2.3121245689202885,1985.7812762421781,1630.041976488841,outer_fault,1500,24
0.017084687873379467,0.9293216332316666,0.9294786627739784,3.0206541608958144,5.099511403236784,3.2498370124558353,-0.1239350203634236,2.4110539366066632,1993.5809291603516,1628.83125389042,outer_fault,1500,25
-0.06985536601146784,0.8991668375845583,0.901876252028188,3.0206541608958144,5.099511403236784,3.3493000328680065,-0.1204600600574344,2.4728391319073495,1992.5419045316683,1626.5230409817339,outer_fault,1500,26
0.03167188516034054,0.9020402719602588,0.9025961226084165,2.382401451770946,4.727110694046525,2.639498876443302,-0.13608557121574671,2.302013611711204,1944.6277212302714,1615.7929559702195,outer_fault,1500,27
0.07196029870132277,0.8991742338588544,0.9020491047747021,2.382401451770946,4.5083118674239575,2.6410995132042956,-0.09751916616753543,2.26959796393789,1922.537738825863,1615.9343558549767,outer_fault,1500,28
-0.03769930952911118,0.8913189452147166,0.8921158557259514,2.498987287981335,4.535350637634757,2.80119142784172,-0.09588184380114351,2.3729348144618223,1909.2734263205527,1613.3591920989081,outer_fault,1500,29
-0.016350482608790233,0.8923862146942674,0.8925359905672731,2.683993247611469,4.802577707534437,3.0071540819377787,-0.1969158980171709,2.3889815071261014,1928.2135532463042,1618.0505816489344,outer_fault,1500,30
0.0436297562643948,0.8977346690011652,0.8987942431715515,2.683993247611469,4.802577707534437,2.986215441080165,-0.11776624605200353,2.2393393189581112,1924.3805652831934,1608.503307778447,outer_fault,1500,31
0.028613554517268738,0.8998798811621398,0.9003346800065515,2.5114022589605303,4.546239163182997,2.7894096655960365,-0.06020736954626529,2.302407886293156,1900.9169330587488,1616.7387362082325,outer_fault,1500,32
-0.05135033254702419,0.908243695721527,0.9096941615018685,2.5114022589605303,4.546239163182997,2.7607105387356063,-0.11100066264025285,2.3622369395150766,1926.9002327006283,1617.7640814230012,outer_fault,1500,33
0.02068794735410323,0.8897840791248768,0.8900245494534581,2.322496896514963,4.306236364951455,2.6094750955804566,-0.25268463707023237,2.3835946496081974,1925.0719399672757,1606.6112504957348,outer_fault,1500,34
0.08579918437942306,0.8739472061348292,0.8781487454589045,2.2400483719009876,4.223787840337479,2.550875786396861,-0.150968798601047,2.313425109149838,1951.1788649371601,1618.528390961305,outer_fault,1500,35
-0.05207257188438848,0.9028016650750695,0.9043021614510123,2.278045112366094,4.258635281160801,2.519119393078646,0.0645922837562414,2.245915267012293,1935.8579284106936,1628.6249960172581,outer_fault,1500,36
-0.021183429384987573,0.9111120229157758,0.9113582478818009,2.4316760615191737,4.7409333450242865,2.668189010089183,-0.062256449620142845,2.3187470132048116,1925.76831298058,1607.043628205549,outer_fault,1500,37
0.03236519859137473,0.8604399780103743,0.8610484666024049,2.4316760615191737,4.7409333450242865,2.8240873255739833,-0.156750506713134,2.4465224406120956,1906.9707045514795,1603.580558403799,outer_fault,1500,38
0.018881187527135995,0.8314509166490351,0.8316652728345434,2.106450280588304,4.015014522226612,2.5328101931630047,-0.1267730471465045,2.4455047539214143,1883.09695117664,1593.052020318975,outer_fault,1500,39
-0.04982558172048198,0.906067481730059,0.9074364275487485,2.6866582265071592,4.625141212473784,2.960712337136981,-0.08156410834848753,2.310889914969666,1912.5148472475014,1604.3200655466067,outer_fault,1500,40
-0.010143816629662253,0.9417830078926144,0.9418376351426379,2.6866582265071592,4.877399563815444,2.8525704707213335,-0.1040113161170266,2.306962265803947,1959.565803259113,1619.9812700957466,outer_fault,1500,41
0.09965576796553184,0.8852430779366878,0.89083476533172,2.2751495223481877,4.465890859656472,2.5539523272260207,-0.18500815031199086,2.3693629725975596,1967.4133116523153,1613.3580540639937,outer_fault,1500,42
-0.027034993014939723,0.8795593293611222,0.879974718224055,2.8522036384326883,4.885281240573669,3.2412336161939033,-0.10117165473941331,2.4278302772297042,1975.9835482467395,1617.972600006195,outer_fault,1500,43
-0.03292311448351055,0.9235010145869715,0.9240876881608477,2.8522036384326883,4.981824516406403,3.0865075627190692,-0.023786435248154186,2.335919212243734,1956.4174908345778,1625.0560856713741,outer_fault,1500,44
0.023924187610916442,0.8992669464848181,0.8995851309314594,2.2999739031488486,4.429594781122563,2.556705111957232,-0.06709296181560948,2.301019908339784,1944.8796693954525,1611.4725968951163,outer_fault,1500,45
0.03608057183020843,0.8718585717203265,0.8726048227839465,2.2999739031488486,4.338038165800888,2.635756579418697,-0.08768576203153819,2.318655056595818,1921.2653501613856,1603.8850791104335,outer_fault,1500,46
-0.02176203954781876,0.9085859554574497,0.9088465353511601,2.4007837413509017,4.720456927536267,2.641572199160257,-0.042246665435475256,2.297391642403206,1993.3801030840345,1631.0681944905093,outer_fault,1500,47
-0.019501895261250596,0.9352159967122946,0.9354193094144205,2.4007837413509017,4.720456927536267,2.566532160424566,-0.029487390027106597,2.273872265581126,1941.963272853955,1629.6599532148089,outer_fault,1500,48
0.09500586881468759,0.8955976715386329,0.9006227314334534,2.2419296361722556,4.324144855053938,2.4893105155751662,-0.1168893093364072,2.283255031405049,1940.0896635958054,1626.2464966510602,outer_fault,1500,49
-0.016518022088075533,0.8920050858940898,0.8921580119657193,2.635912098687897,4.640020528370602,2.9545350297136905,-0.15254699792755377,2.309312395891404,1964.2507091196082,1629.2444348303409,outer_fault,1500,50
-0.04418589404276975,0.8817585516670587,0.8828649594758804,2.635912098687897,4.924573465249086,2.985634518731113,-0.07322160959782992,2.284164566716001,1978.9460028308163,1635.582744714098,outer_fault,1500,51
0.05186782349206873,0.8708673130960255,0.872410538756207,2.434340302179532,4.723001668740721,2.7903609525065196,0.0012697156550857402,2.287369249021126,1943.0563984782013,1639.131260801758,outer_fault,1500,52
0.051152411509503684,0.8726967413112404,0.8741945844596017,2.434340302179532,4.5551222363287165,2.7846664177242575,-0.0611326271881045,2.361919087956515,1971.8003931207897,1641.2314256113586,outer_fault,1500,53
-0.04221328447450263,0.8748590974492344,0.875876933008179,2.4804037277768782,4.601185661926063,2.8319089520656724,-0.14064752498174315,2.3976093771962943,1930.7577898920827,1636.3398745156167,outer_fault,1500,54
-0.0628950300095105,0.8832447374602844,0.8854812539242058,2.4804037277768782,4.652744494880803,2.8011928163406075,-0.03125158862940863,2.3228001358975674,1870.457343415436,1614.4848757558198,outer_fault,1500,55
0.052720026473332786,0.9072357363902611,0.9087662419868645,2.4159181991328067,4.588258966236732,2.6584594445156347,-0.04190525820668381,2.2241545485158016,1930.3044918059427,1613.1509622188223,outer_fault,1500,56
0.007404804971874401,0.9113502902566012,0.9113803721210276,2.4159181991328067,4.517853226969427,2.6508341333325305,-0.05609938521561661,2.241333705649736,1942.7917037781137,1599.9262868673356,outer_fault,1500,57
-0.06334680670740123,0.8719603094330611,0.8742583137417822,2.6190593775634143,4.637511794337145,2.9957500387435783,-0.03314567756946865,2.410022027601735,1941.96978876198,1619.9593637795301,outer_fault,1500,58
0.02400654709260311,0.8928025341885235,0.8931252316202689,2.6190593775634143,4.637511794337145,2.932466002017191,-0.12518632552132214,2.3523959971818664,1955.7245715684505,1628.9875095731247,outer_fault,1500,59
0.04571188001716263,0.9047502830232106,0.9059043275121734,2.3086007888548266,4.569129093333843,2.54839359796409,-0.09604930775976762,2.2470294416939267,1949.9819496285184,1618.190863603348,outer_fault,1500,60
-0.0204698892929564,0.882285741871366,0.8825231706177309,2.549358009939524,4.857958798794351,2.8887151006655203,-0.08058324495769137,2.3266372459341835,1903.075441487638,1630.5943283178572,outer_fault,1500,61
-0.03880055639375701,0.8560763134381619,0.8569551549563952,2.549358009939524,4.532791875671325,2.9749024728974924,-0.10397723493894342,2.4305753605752614,1904.9237678626607,1627.7799966778216,outer_fault,1500,62
0.03644623440783799,0.8804841737195811,0.881238167678389,2.0708072120807546,4.027776933790379,2.3498837065821627,-0.08081145631873941,2.219247375335808,1889.5272772984288,1622.2062544299408,outer_fault,1500,63
0.05247215238121968,0.9099040996223852,0.9114158201859026,2.423848381681622,4.506633577758861,2.659431982342904,-0.07246034744028304,2.0880515575286767,1905.647489334021,1614.2081478906093,outer_fault,1500,64
-0.05999745718021923,0.9164168240819842,0.9183787292444239,2.423848381681622,4.576043535197687,2.639268859604211,-0.06732252689146515,2.215581050769868,1979.038957616923,1627.0805007670692,outer_fault,1500,65
0.002966359271390162,0.8970222928537621,0.897027197560892,2.6075736812277026,4.823470778523378,2.906905931088009,-0.18288828382461497,2.3784247686543147,1977.6043753353986,1620.7149668842412,outer_fault,1500,66
0.055202166856508875,0.8721081196244852,0.8738534496931446,2.6075736812277026,4.823470778523378,2.9839942633915997,-0.08603268426134456,2.3759387977637942,1937.7791840561708,1616.9116782217993,outer_fault,1500,67
-0.022498522189129525,0.8706586480170657,0.8709492894925625,2.2293786404805047,4.36462435913964,2.55971118768973,0.02370076372708116,2.237410163545549,1965.5206846388257,1615.9691496566613,outer_fault,1500,68
-0.040837562482340405,0.8898059061720377,0.8907425313569237,2.2293786404805047,4.36462435913964,2.5028316957472208,-0.05918047290393938,2.202841668083164,1951.844577065039,1637.7781248251047,outer_fault,1500,69
0.00798636904532836,0.8791765552897798,0.8792128283082153,2.1808862976929198,4.2820749241251,2.4804987225235777,-0.17193135957589373,2.380603397506176,1990.1646005907262,1624.09850838009,outer_fault,1500,70
0.05458143187954728,0.8677289849681067,0.8694439165695522,2.199678767410168,4.371202546704069,2.5299835046706014,-0.16920148140462013,2.5295568604955694,1880.2142565163203,1609.5054353963912,outer_fault,1500,71
-0.06567368857466457,0.909017853108839,0.9113871244655615,2.3493398872178344,4.549018654628002,2.5777628670557684,-0.006671599601329362,2.29445151078059,1953.2704376702688,1629.533662261311,outer_fault,1500,72
-0.012246562384440163,0.9194582246485963,0.9195397790004435,2.5018399719865476,4.606523612599195,2.720752303325059,-0.09616282736715709,2.2536288103069047,1982.882824452538,1631.746640689796,outer_fault,1500,73
0.07616969877964655,0.8801947892215994,0.8834844027966979,2.621920551744601,4.726604192357248,2.967704402192113,-0.21061594302582168,2.3656076279788913,1909.4697197218084,1634.9393551052183,outer_fault,1500,74
0.0024091701192494736,0.8962131812497519,0.896216419368929,2.621920551744601,4.850492292736291,2.9255439811047785,-0.06787953658625574,2.3551661928459264,1989.510018871902,1639.9879821399468,outer_fault,1500,75
-0.009570637366944964,0.9484575442190393,0.9485058303909473,2.4458032146034796,4.67437495559517,2.5785853243912378,-0.029738973468484996,2.2245551551532854,1968.069674726892,1625.2599154998634,outer_fault,1500,76
0.01852897792598242,0.9027724908080835,0.9029626200362962,2.284382507531079,4.240028646823868,2.529874943423756,-0.12011764657202072,2.2856177467831054,1968.3722888026982,1636.7270098824936,outer_fault,1500,77
0.08952410913369213,0.8522788551056998,0.8569678015984402,2.284382507531079,4.240028646823868,2.665657336254197,-0.2516685850263035,2.4047604216981906,1950.858112073197,1618.5468133929483,outer_fault,1500,78
-0.03942401215537335,0.8881595164748156,0.8890340710227056,2.3701956057186973,4.386059752615332,2.6660346129654235,-0.07680754291177369,2.2096277073119603,1922.1163068688802,1623.1828930885792,outer_fault,1500,79
-0.04443836537526432,0.9128294736267752,0.913910507784521,2.3701956057186973,4.592900156804771,2.5934657554218514,0.019366575557226096,2.2703329068512446,1938.1469238119234,1628.5409477586754,outer_fault,1500,80
0.07512117871658966,0.8692872254893497,0.8725270608357892,2.222704551086074,4.417285738860713,2.547433369805417,-0.12293135750470732,2.389872038145673,1898.1512147231522,1604.4122934177421,outer_fault,1500,81
-0.011206862678346426,0.8977280594835286,0.8977980076582668,2.496544949126272,4.529723334428609,2.780742358027675,-0.19119594578213978,2.3155851725740657,1909.4756405972014,1602.0060034826085,outer_fault,1500,82
-0.03956707583563822,0.9109599826126982,0.9118188654617267,2.496544949126272,4.49925743748692,2.7379834344492022,-0.09849708427330006,2.229265862708731,1905.3484752242812,1612.259360815561,outer_fault,1500,83
-0.003588854196616687,0.8813398736754048,0.8813471806300982,2.1944171956104395,4.237657192713838,2.489844233452484,0.04957373219940049,2.236189051914869,1921.6312450129542,1622.0435342486085,outer_fault,1500,84
0.06564895591348577,0.8820171621371135,0.884456929260514,2.1944171956104395,4.237657192713838,2.481089946569882,-0.09038997817249222,2.276318213255226,1919.5996551995017,1624.0686466870523,outer_fault,1500,85
-0.03090889188087312,0.899138179989512,0.8996692871895514,2.346181624637019,4.332641998791509,2.6078267400962405,-0.18125585076207645,2.321516252655841,1953.5761511197995,1614.5696229244074,outer_fault,1500,86
-0.07291667024798469,0.9091584681398848,0.9120778261697382,2.346181624637019,4.592763175143302,2.5723480574377637,-0.0628721007889454,2.2874386382763072,1939.9073614710812,1614.8241772589276,outer_fault,1500,87
0.060403717861792064,0.9248648451311091,0.9268352555286821,2.5324378400319882,4.779019390538272,2.732349492158894,-0.07651678754912554,2.263918861005575,1936.8561712593932,1608.3420189071169,outer_fault,1500,88
0.007409961627005281,0.9308528619843925,0.930882354648453,2.5356403747785268,4.973339668929322,2.723910665879705,-0.12749223307836816,2.378393170434024,1930.4980850301854,1624.9827844734566,outer_fault,1500,89
-0.05397160028347287,0.878228000714531,0.8798848531917124,2.5356403747785268,4.973339668929322,2.881786594339605,-0.1718331362101615,2.4703021704523738,1928.4269269258023,1617.9501173718224,outer_fault,1500,90
-0.009163453359317071,0.8753531264264556,0.8754010879717016,2.292254286956225,4.332011881554209,2.618518891729402,-0.06067540700923667,2.2640556849250837,1914.8515968929803,1601.9975143551758,outer_fault,1500,91
0.05312253780145778,0.8974312848271874,0.8990021774217476,2.3852149724499396,4.492965218834028,2.653180417232348,-0.010103733059506417,2.1098682435606113,1928.0658941690795,1620.4991601700515,outer_fault,1500,92
0.007391158119602469,0.8919082782022165,0.8919389025846959,2.3852149724499396,4.492965218834028,2.6741909846857785,-0.08563630395251556,2.284874788305038,1954.1912449997449,1629.5568175715466,outer_fault,1500,93
-0.061297302661337476,0.8656823650761577,0.8678498237122628,2.4514421389303447,4.54823340168431,2.824730813635161,-0.07792594768855146,2.4761885366645395,1981.674982951934,1628.1119410389772,outer_fault,1500,94
0.0349576226569112,0.903202624428482,0.9038788725024611,2.4514421389303447,4.54823340168431,2.712135677949986,-0.06385682508485391,2.2713410647645,1955.7762149610169,1631.092034964191,outer_fault,1500,95
0.0005554327700259196,0.6467803797006689,0.6467806181939154,1.985081414395605,3.7096695858549196,3.069172696658526,0.03784451480070708,2.7081311299962647,2038.7894646285342,1595.1639103677883,ball_fault,1500,0
-0.06412637056738388,0.6340417538039577,0.6372763427030254,1.615267854042294,3.19227302530781,2.534642737462411,-0.01073730237903886,2.45377412505893,2024.7950447263522,1637.7862121989215,ball_fault,1500,1
0.003511140066012176,0.684496812552553,0.6845058177248519,1.8648415422825477,3.480109396324842,2.7243618589078444,0.04524954654678694,2.372334691413549,1993.3072854585894,1623.5110267896873,ball_fault,1500,2
0.04464461488467075,0.6712816967606878,0.6727646379263024,1.8648415422825477,3.7253040445022614,2.771907791933678,0.007706362597825964,2.6082047841617126,1976.418433558234,1620.540089489657,ball_fault,1500,3
-0.03541882798857056,0.669236899749448,0.6701735009401197,1.8604625022197137,3.497040279427966,2.7760908172767897,0.047006255114234397,2.632030936181258,1940.476013577442,1631.9281734878966,ball_fault,1500,4
-0.05545850056466582,0.6256218083842707,0.6280750690887884,1.8126788970640486,3.3352180279625996,2.886086370862125,-0.14001144637317317,2.545396835416703,1946.2198672249774,1605.0523159243091,ball_fault,1500,5
0.0605707780713119,0.6639958799469148,0.6667528385711169,2.014134012323245,3.826812909387294,3.0208105545340445,-0.14818550279160436,2.5777106396064355,1938.0119008329275,1612.6914562223906,ball_fault,1500,6
0.02005007871368429,0.6741422193473223,0.6744403143073212,2.014134012323245,3.8552407456919324,2.986378437494811,0.026845566276543692,2.5587814193140943,1981.8249517576662,1632.8120970157865,ball_fault,1500,7
-0.061755285453303374,0.6825460389164456,0.6853340867941337,1.991980549478875,3.7201890839070115,2.906583208937314,0.04879700055839782,2.709298888872038,1983.6471043229112,1640.632144504014,ball_fault,1500,8
-0.022694747674478714,0.6601827728310352,0.6605727402147946,1.991980549478875,3.7201890839070115,3.0155355011010605,-0.045076069542424727,2.7501550494675358,1990.0810573317322,1627.7819627792321,ball_fault,1500,9
0.05493968660995899,0.6828915825950629,0.6850980095898616,1.980929975251157,3.679443288825397,2.8914548681113645,-0.14110618405947617,2.527648246071817,1961.8007350130401,1614.0788763348107,ball_fault,1500,10
-0.00889107287918698,0.674473766457725,0.6745323660259845,1.980929975251157,3.679443288825397,2.9367456251627404,-0.03165316245691821,2.695244780890259,1999.9820703754233,1612.134117916123,ball_fault,1500,11
-0.04779790734575485,0.6325515378116784,0.6343548596287039,1.964864002684236,3.6080898933175662,3.097420903379781,-0.08676080774175474,2.675241138454414,2003.0653931883778,1624.4616287279623,ball_fault,1500,12
0.04759888634901375,0.670783126683467,0.6724698186721203,1.8163674432256551,3.562985128490152,2.7010393515387894,0.044308347685102334,2.475993164114481,1958.986075043953,1645.9342671371885,ball_fault,1500,13
0.017954510894965497,0.700535497780718,0.7007655443244594,1.8362465822091167,3.5828642674736138,2.6203437038520936,0.04290949385401549,2.52052137846674,1982.3068582449648,1641.4450083607887,ball_fault,1500,14
-0.05878365068203697,0.68620495820678,0.6887182023549809,1.8362465822091167,3.5447418130775405,2.666179833295673,0.119482022308037,2.605646528357683,1956.6104951442014,1612.575161129423,ball_fault,1500,15
-0.02806328272181348,0.6151978358155796,0.6158375800722926,1.8318572173162018,3.540352448184626,2.9745784867557186,-0.1209927886027337,2.713089303212537,2023.667199487282,1601.7921815607215,ball_fault,1500,16
0.057289612147515344,0.6810026777951395,0.6834081846335784,1.9927941024513232,3.8775661729332453,2.915964641582686,-0.18967650407487419,2.8605965159078517,1950.179636501292,1611.321508405242,ball_fault,1500,17
-0.008420590592411258,0.7056036126556003,0.7056538560360593,1.9927941024513232,3.8775661729332453,2.8240391306911334,0.022762791445594732,2.631364906140183,1907.3811900849869,1594.9129646010347,ball_fault,1500,18
-0.05708474891124324,0.6636338020713328,0.6660844479567982,2.1548071482647275,3.932213750929668,3.2350359696147466,0.17204874442794618,2.6775337315722423,1948.1462558813146,1613.0034686447693,ball_fault,1500,19
0.02338292989512121,0.6290454020122538,0.629479848131168,2.1548071482647275,3.8540689970591515,3.4231550927638335,0.08830248822120931,2.6901937735559636,1976.1470963861714,1623.6309744380044,ball_fault,1500,20
0.04847239920073522,0.6871234328035104,0.6888310281861261,1.8189450737544572,3.5191442597924585,2.640625928655039,-0.032837825792222414,2.3859003579163214,1992.513999393201,1639.2592063442316,ball_fault,1500,21
-0.031066421352388296,0.6633250316765081,0.6640521215870668,1.8189450737544572,3.5191442597924585,2.7391600965498175,0.15311975557552254,2.6140495806189548,1983.0394920353806,1610.5906140461432,ball_fault,1500,22
-0.03708515108025602,0.6076047700137692,0.6087354638709089,1.8693206961128825,3.443993645861929,3.0708260102326093,-0.06240390718287733,2.729031148840143,2029.1637461010737,1622.7094709450455,ball_fault,1500,23
0.06610286875596029,0.6663942231497906,0.6696647294767588,1.8693206961128825,3.589676876494731,2.791427730252913,-0.03202179033274867,2.5492182167935598,1939.7390103706816,1619.9436039318557,ball_fault,1500,24
-0.0010964754284645828,0.7300093528653644,0.7300101763189835,1.8732571058133662,3.6299815759995218,2.566069852618363,0.0019445615748124312,2.335011970653497,1958.0457969147333,1607.6307725319564,ball_fault,1500,25
-0.0596318230796289,0.6833032442929428,0.6859003411466283,1.8732571058133662,3.631964030264316,2.731092249361925,0.13807305622837396,2.579914038765419,1974.8722729419528,1609.2998114033317,ball_fault,1500,26
0.003797618479470591,0.5966573546319954,0.5966694400944013,1.9112229913724514,3.669929915823401,3.2031521352086587,-0.06024482256668873,2.6955562559034947,1997.1442336353962,1613.3304152324772,ball_fault,1500,27
0.04322777144731578,0.6858599066055214,0.6872208172874538,1.9112229913724514,3.694293938249852,2.7810900703476618,-0.06770828477913146,2.623208620198158,2025.1472429961987,1638.6987679355998,ball_fault,1500,28
-0.03192069562041007,0.6970290475537083,0.6977595745975261,1.8956685337480637,3.678739480625464,2.716793294552529,0.1336713600880098,2.586093027074435,1958.2133582560111,1630.0715069302394,ball_fault,1500,29
-0.06481850192404726,0.6609451295546688,0.6641158803053242,1.8956685337480637,3.688494038020405,2.854424340208664,0.1575391497106844,2.675878673563318,1979.6144871309236,1635.5580794511322,ball_fault,1500,30
0.04454466573292193,0.6401543865069907,0.6417023186878784,1.7928255042723413,3.556238829467845,2.7938585412295804,0.05328641442534107,2.6405927900013313,1998.926173147917,1630.7221368145813,ball_fault,1500,31
0.0066818099864048575,0.6901428690427029,0.690175214184911,1.997853902889477,3.7935397118093266,2.8947053755899494,-0.04673779815306202,2.5147753125983243,1992.3598702734923,1631.8944308253035,ball_fault,1500,32
-0.06230439412744226,0.6578827185634301,0.660826383335288,1.997853902889477,3.7935397118093266,3.0232659484684734,0.03753059244976108,2.7730738619961746,2002.6811371674908,1637.7681765944808,ball_fault,1500,33
-0.013792699628859623,0.6280364680914042,0.6281879048626909,1.9487298246349989,3.789427443074814,3.102144771078865,-0.1429970067628298,2.7398056212113504,1969.4946315720817,1597.4466456456746,ball_fault,1500,34
0.05732264720105668,0.6666287714796978,0.6690887869682678,2.1836282459704988,4.132358070605497,3.2635851746050872,0.02866212588071873,2.7414632788498015,1986.851809673694,1608.1895744732924,ball_fault,1500,35
-0.009918996578153899,0.7010147301028414,0.701084900931604,2.1836282459704988,4.14043736340394,3.114641668587388,0.12332584204355401,2.5836979238479065,1965.5753720671225,1620.4497265191624,ball_fault,1500,36
-0.05201080032050767,0.6873594973724121,0.6893244533440219,1.9568091174334414,3.761880541194505,2.838734514141748,0.16545213508330148,2.5409432131199754,1972.087983605237,1629.3205294619868,ball_fault,1500,37
0.044141017184253666,0.6568506033318202,0.6583320928645638,2.31757477523567,4.267822850199162,3.5203733799446084,-0.04212533455404088,3.029992650570633,1954.1510822163152,1618.1225766128975,ball_fault,1500,38
0.02102558385200149,0.67722356275274,0.6775498720565386,2.31757477523567,4.267822850199162,3.4205227843364217,-0.12406502281950345,2.875427003212421,1978.6128066618553,1621.0336698557594,ball_fault,1500,39
-0.055681392779825555,0.6539743335312097,0.6563404957942874,1.6935503248002495,3.3504579333037707,2.580292295529817,-0.08687106913693829,2.4477563128886053,1942.0390379244745,1624.8178634889855,ball_fault,1500,40
-0.022855099993746332,0.6718770754011645,0.6722656915575465,1.7397482947185572,3.4332986195188067,2.587887967968457,0.021776601462908385,2.6301790898136077,1966.0091776775564,1609.3540356547114,ball_fault,1500,41
0.06413164622420077,0.6465920222663205,0.6497646584001595,2.238916249100578,3.9786645438191353,3.445734112822679,0.02947210833021857,2.722124054045012,1979.0847519969993,1618.5779756792197,ball_fault,1500,42
-0.01556689709421398,0.6824431162932763,0.6826206378811148,2.238916249100578,4.10449553404673,3.279883619871627,-0.023016777409607947,2.521703044023458,1964.5258378658946,1609.1459088109154,ball_fault,1500,43
-0.06733690137732598,0.6525114527140007,0.6559767177347343,1.8655792849461528,3.576384080308578,2.8439717969017364,-0.012118375145955249,2.58564036084342,1944.6919994411262,1630.7326347933274,ball_fault,1500,44
0.026899737710393952,0.6582584180717621,0.65880781784313,1.852678172381906,3.5535021618653397,2.8121678612833856,-0.1165426055389982,2.598278098090428,1975.29608799941,1651.049114219901,ball_fault,1500,45
0.03243081223448015,0.6430509527194134,0.6438682205044238,1.852678172381906,3.5535021618653397,2.877418255932442,-0.024953199538180745,2.6785596232807487,1997.8042851564649,1646.134309887185,ball_fault,1500,46
-0.04334610025695381,0.6650398871342282,0.6664510003646127,2.020059790090001,3.817470880793566,3.0310702342433684,-0.05737648585348387,2.6943287253837442,1982.723897513733,1639.2228107020078,ball_fault,1500,47
-0.03376620818692683,0.7022763263857027,0.7030876157472274,2.020059790090001,3.817470880793566,2.8731266837288962,0.06607027315510952,2.4959589285168544,2003.4287892241866,1621.2151887230507,ball_fault,1500,48
0.05448478416969113,0.6541065713803664,0.6563718446345763,2.218344088085063,3.8726049688621673,3.3797063446286564,-0.026076959031821945,2.6341451513897693,1985.0972730276967,1622.298405698347,ball_fault,1500,49
-0.0024562701001241347,0.6557408140252062,0.6557454143501462,2.218344088085063,3.8726049688621673,3.3829349610399984,-0.1383817054413285,2.852152211383772,2020.158106283779,1644.0228642333466,ball_fault,1500,50
-0.06429056427519833,0.6430168559923096,0.6462228359823399,1.974260350326705,3.5276620267149004,3.0550767321926555,-0.26803342299751143,2.6222018526829465,2007.1736394363195,1635.2827721955202,ball_fault,1500,51
-0.0010848927466831707,0.6908434615669514,0.6908443134180666,1.974260350326705,3.884635624093395,2.857750019353782,-0.09691121124345747,2.634244784123605,1992.7328375616949,1613.4702168467184,ball_fault,1500,52
0.049620246597384565,0.6539819828870523,0.6558617253760628,1.91037527376669,3.6757815389846704,2.912771396104915,0.008465396998472638,2.7853696292453187,1982.9069351560543,1619.4047530112962,ball_fault,1500,53
-0.013291654975976501,0.6753560917414516,0.6754868753308892,2.189776858239225,4.192966682402089,3.241775581268517,0.04743541561433051,2.793164379869257,1923.936969240552,1623.0490133850785,ball_fault,1500,54
-0.03880154066696648,0.6569675873491115,0.6581124298973867,2.290440493184979,4.2936303173478425,3.4803179347244266,0.010834846796134695,2.931790597248414,1961.0615588523317,1624.584212709342,ball_fault,1500,55
0.06505343962698712,0.6682859494429495,0.6714447559033926,2.290440493184979,4.157897240072884,3.411212125355263,-0.09292106152951027,2.6838032540813526,1947.942521431215,1630.5181840398984,ball_fault,1500,56
0.02464671028402258,0.6456167704999323,0.64608704883985,1.8674567468879053,3.6787862152080466,2.8904104330092575,0.11660268412181751,2.7157868035380126,1990.5894898736574,1615.351128813657,ball_fault,1500,57
-0.06461554099958097,0.6400148335686886,0.6432683385078305,1.9277734511173164,3.69658864009642,2.9968418083337167,-0.04574872519798056,2.6602520500160804,1974.6891661654024,1606.7187517188702,ball_fault,1500,58
-0.013736215843805362,0.6855643701853967,0.685701968272957,1.9277734511173164,3.69658864009642,2.8113867832282344,0.08564889843067733,2.4986540113806606,1967.9911900806655,1598.366186741,ball_fault,1500,59
0.05931000453935952,0.6591454478735914,0.6618084300542992,1.821360056683445,3.5469323108767163,2.7520955818873425,0.09453302873957081,2.650853899162967,1967.9101397544443,1628.7599783602946,ball_fault,1500,60
-0.02148195793761179,0.6632929411654725,0.6636407162891502,1.8261945043655194,3.5517667585587906,2.751781889305693,0.04992005252388981,2.717351747923334,1987.334483340115,1636.2486717766217,ball_fault,1500,61
-0.055570199184228404,0.6214842747113886,0.623963741535448,1.8261945043655194,3.2845753701612064,2.9267638205690436,-0.16880789551119765,2.551047541329763,1982.3864200655942,1609.9917217193545,ball_fault,1500,62
0.044533873381206866,0.6756027496126912,0.6770689338335958,2.0748432327088615,3.672289657725768,3.064449022427536,-0.14044049609645015,2.540619785510119,1911.7480870826432,1595.7191983840369,ball_fault,1500,63
0.030981008293747912,0.6683162393077883,0.6690339442789149,2.0748432327088615,3.7077582955395862,3.101252559965404,0.05906427466315542,2.5189902394152854,1979.4941117074204,1620.7722346416951,ball_fault,1500,64
-0.04353181246202115,0.6754231341848497,0.6768245185336551,1.9640853780698277,3.88284845412284,2.901912274151712,0.17228246538331976,2.8449141180933952,2019.6279893492017,1648.4707872595307,ball_fault,1500,65
-0.034408135403813433,0.6476023299168309,0.6485157650324895,1.9640853780698277,3.88284845412284,3.0285854001846384,0.03795480695631562,3.006328044349784,2019.9421892520006,1644.5731543474021,ball_fault,1500,66
0.057392515512346635,0.6620279067821064,0.6645109857595527,1.8469345346499526,3.610000803274384,2.7793890153086354,-0.1674496174155221,2.585334960071684,1940.0402279152647,1615.5114048877372,ball_fault,1500,67
0.002514461552510658,0.6721741630124262,0.6721788660307275,2.2120392560486533,4.058973790698606,3.290849158620302,-0.12708405626701483,2.7462856010646055,1959.1398012399948,1608.8082572707021,ball_fault,1500,68
-0.05722302508141358,0.642543140687611,0.6450861665267418,2.2120392560486533,3.912501143138461,3.429060132564551,-0.10922266481271548,2.7455227648381113,2008.3899357137886,1615.8926892284312,ball_fault,1500,69
0.020634146449270918,0.6565961854430363,0.6569203290643669,1.826753321073893,3.5272152081637005,2.7807836658025304,0.14182320126720555,2.417897153691739,1967.2950258265976,1622.7682751353245,ball_fault,1500,70
0.030779486139245846,0.6781097552123438,0.6788079381394571,2.08640215443439,4.04962202007535,3.073626628241328,0.07554864475189205,2.631891874755922,1962.7759425816487,1622.7870695511263,ball_fault,1500,71
-0.045234068009001316,0.6736948652712069,0.6752117389392994,2.08640215443439,4.04962202007535,3.0899968614333506,0.13821943517455873,2.7117559195380334,1968.100100876484,1606.3820249296318,ball_fault,1500,72
-0.043405694257664856,0.6178891409927346,0.6194118539798292,1.7998590694418446,3.531218082807624,2.9057549634978095,-0.10917967932267736,2.548516186216342,2045.550449665746,1611.8693358360722,ball_fault,1500,73
0.06090760437888657,0.6629578619620119,0.665749850175287,1.9338088104719393,3.733667879913784,2.9047078413495866,-0.09115384797498144,2.657001926043188,1967.9106719529173,1613.159742699643,ball_fault,1500,74
0.01290209973269077,0.6848913343294226,0.6850128495269627,1.9875141557161542,3.9213229661880935,2.901426092661611,0.07336390770735932,2.4949532318592595,1946.675433543247,1595.5185337897449,ball_fault,1500,75
-0.05404703952729841,0.679930726339509,0.6820754174592701,1.9875141557161542,3.970478828993193,2.9139214001118074,0.1790325464704281,2.6639306003555716,1964.737316302506,1600.6378498272754,ball_fault,1500,76
0.012163460641167169,0.6301648740362893,0.6302822528391082,1.9829646732770392,3.7355836396105833,3.146153432101497,0.09406389025873615,2.873987261245125,1949.2737194506308,1601.6858988309539,ball_fault,1500,77
0.04839374505717423,0.6818466434084073,0.683561847741644,1.7740861088076212,3.3295444727945034,2.595355657149858,-0.15891774786002194,2.45068864985147,1958.0402021296895,1632.7582600305402,ball_fault,1500,78
-0.02999890293268933,0.6750628054999754,0.6757290326356139,1.7740861088076212,3.3295444727945034,2.6254401141022914,0.01507722273133702,2.4745908249786606,1948.3496764847644,1629.6037007835132,ball_fault,1500,79
-0.04111581815043532,0.625698432192011,0.6270478758035308,1.6721362553429584,3.31608353127251,2.666680359826641,-0.0634473902800852,2.643872544214479,1985.1149051135912,1627.770555691742,ball_fault,1500,80
0.052063117367394954,0.6547658823525027,0.656832496823096,1.705969739190144,3.3781059945331027,2.5972675639248775,-0.041175531566766815,2.4879810887511464,1980.6824300833816,1633.3241036070501,ball_fault,1500,81
0.00585159115749187,0.7097576468854099,0.7097817681734215,1.9435577577623089,3.79202337940833,2.7382469438319146,-0.03436637254262623,2.50629921921809,2035.0838097774067,1622.4538335448374,ball_fault,1500,82
-0.06060415411021381,0.67396599127253,0.6766853189536318,1.9435577577623089,3.79202337940833,2.8721736722180444,0.07122242085263789,2.757050768504774,2010.6048700765612,1611.6627527772132,ball_fault,1500,83
-0.008418133969247031,0.5908652100978289,0.5909251741832258,1.8748960302887152,3.357053299692029,3.1728146166101436,-0.23433533702739454,2.801277373679478,2014.2172873674676,1589.7871926837333,ball_fault,1500,84
0.05859906423456575,0.6625885477564544,0.665174739408506,2.0588719858254056,3.933768016114121,3.0952347759728442,-0.20083228646366008,2.8185961018919032,1972.6548582419375,1599.3059291308375,ball_fault,1500,85
-0.016171253504112082,0.6864754828193699,0.6866659289290399,2.252633716072929,4.3115057018983345,3.2805380620212223,0.03494407748257444,2.594521825892126,1960.6533397277308,1600.993307687124,ball_fault,1500,86
-0.05556662168167832,0.6634694325857955,0.6657922629625792,2.252633716072929,4.12239376698955,3.3833882444218175,0.1277024114626681,2.7208205838604256,1964.606703839415,1620.9108941448774,ball_fault,1500,87
0.037374071466789345,0.6267467492309877,0.6278601029605363,1.869760050916621,3.4691434083867336,2.9779883158722456,0.03221658214737637,2.7419890783648313,1980.586261592722,1632.6161263279964,ball_fault,1500,88
0.03157852963355833,0.6885450997308042,0.6892688574838709,1.8936699871305516,3.6149454349452625,2.747360433153079,-0.05630281399685884,2.516413780532912,1965.7838383349208,1623.1853186483131,ball_fault,1500,89
-0.029378171777843715,0.6583634903918868,0.659018635895827,1.8936699871305516,3.6149454349452625,2.873469555635666,0.027029482628103285,2.8192383822121645,1989.8522644898842,1614.9775018620282,ball_fault,1500,90
0.0009996054749268207,0.6183274333944532,0.6183282413890517,1.7020123980995985,3.354465777188194,2.7526033648419967,-0.15303005332131103,2.783026558233214,1994.4394533896364,1614.131805420014,ball_fault,1500,91
0.0957639441472201,0.655920220401799,0.6628740970430029,1.6850864633642835,3.3375398424528786,2.542091281929752,-0.02319139357740463,2.4663909720455095,1949.3862901755706,1645.6955709598622,ball_fault,1500,92
0.0030657919786294396,0.7185155313213452,0.7185220719159928,1.8860574337996983,3.7074976431159525,2.6249123127253333,-0.009845084895691802,2.5315808944009435,1986.783085679146,1640.0022015273526,ball_fault,1500,93
-0.06610057498622766,0.6906344723828163,0.6937905018498025,1.8860574337996983,3.7074976431159525,2.7184826377691738,0.05769321190305279,2.668065119636708,1966.163947678311,1634.2929033656917,ball_fault,1500,94
0.037289496867237475,0.6320753959635734,0.6331743936382139,1.8661117654008026,3.447689603631488,2.9472318903855528,-0.14325492574970677,2.65619644122509,1964.6271659051633,1631.6498283052908,ball_fault,1500,95
