mean,std,rms,peak,peak_to_peak,crest_factor,skewness,kurtosis,spectral_centroid,spectral_spread,label
-0.5868363331293621,-1.3909848115158836,-1.398025260444025,-1.5608160032218648,-1.6179078066761563,-1.512386818758643,-0.6431961008875376,-1.800167794242888,-1.7521007300393385,-1.8550049389033167,1
-0.3784654752138866,1.0645406524081307,1.05942001077622,1.0712778546604833,0.9491380101190702,0.5946828396477021,-0.25841021825427946,-0.5306114887564728,0.5110044674142209,0.6562091355798334,3
1.7441318719006027,1.0392134167591556,1.0515357690131832,0.5329682303737714,0.7339689206444091,-0.37669826802394035,-0.3806877187551828,-0.35225991971253845,0.43748052445662716,0.4790937118452008,3
0.23528414245361473,1.2834305725842239,1.2776847984334019,0.8523134326094725,0.8192378766465953,-0.10431389273015249,-0.07060440135397537,-1.0981603040714065,0.5237469843294659,0.44571254608084776,3
1.555434056764866,-1.587933917460542,-1.5702555341194782,-1.5989685247685879,-1.6474374538371508,-1.265633013604726,-2.1527315680035284,0.5898468785608384,-1.8208001109758036,-1.7565216622476416,1
0.5216586559619961,-1.6807954113571337,-1.6911973711480153,-1.6423342360025954,-1.663856800563023,-1.1364384505347875,-1.4061405374627194,0.6458374633455919,-1.6246202054591674,-1.5323801677707996,1
0.7914484961572907,0.9878465078534103,0.9847236271617203,0.8783581649637809,1.0083825906004698,0.3520798603388785,-0.5375999513146756,-0.06778414659891822,0.45452393463158314,0.4729046249456435,3
-0.8742730897820459,-1.4337315443680272,-1.434720158092323,-1.5917531417775528,-1.654182884174565,-1.5441839736743428,-0.5547983091892018,-1.5609913190168052,-1.731000031717724,-1.8115737121374522,1
-0.6632974905938479,1.3539773896931815,1.3516488209035562,1.573409810915075,1.212628903998416,1.0433626896041421,0.07931945062496101,-0.6231895370125325,0.5500784255216778,0.6327078101485005,3
1.9661410460941975,1.0746395751794409,1.0922047583356758,0.8025827157455486,0.7777703171956594,0.05857156181051697,-0.44028050173298866,-0.9001460450456304,0.503752175240333,0.6775390315277466,3
-0.5320991080275564,1.098853008067706,1.0948854973656943,1.573409810915075,1.1307719888650754,1.4509511636134749,-0.27972824400049284,-0.16164875122416875,0.5878892681524069,0.5799983442745956,3
0.8823816233308778,1.1042226324651068,1.1022395132363492,0.2819109839830509,0.4037129921468917,-0.8970952145363745,-0.18526211270153753,-1.2090690640757407,0.42081501367156854,0.6115017133669222,3
-0.26454365544521585,0.44543975712219563,0.43826700564283944,1.087913141223717,1.1200122504572803,1.6978458482402734,1.2270701035482108,1.4075165905691747,0.7483240540409626,0.8035800641902839,2
1.6051345706555806,-1.5930062386548058,-1.5731888592032113,-1.6165334880359925,-1.6495757172012895,-1.3250779011337577,-2.2028173817522156,0.5577020898820854,-1.8357832001307695,-1.661279054958917,1
1.2864678142338104,1.0301663092719804,1.0335900634785067,0.49491101433880896,0.6948959979897499,-0.4226657294969032,-0.5953693003997798,0.34918166057945865,0.40281786913747714,0.5169926793880102,3
-1.073890447623342,1.2653937584372859,1.2678700649574988,1.0101303192747195,0.8433056861503908,0.18512899941441016,-0.3253323354594621,-0.4910323856746213,0.4930371739970029,0.5784467207287247,3
0.1386028002485526,0.16383653843657608,0.15513652740425068,-0.023445060502453773,0.13215524263437706,-0.17259867779092802,0.14400376291256448,0.3593455532434295,0.6087590633155125,0.7439244936989208,0
-0.1026329124939877,0.4523915946996975,0.4446077648466914,0.4147457128710258,0.580197732791602,0.288847057746884,1.1532160886967453,0.07850667450056338,0.6211327075889175,0.492535349860295,2
-0.43896325704216355,-0.10694522984215948,-0.11410270025791033,-0.2652660813316729,-0.10033206433378362,-0.27013038522961713,0.29072032793447994,0.8544664464136091,0.5686140841954418,0.5158660872136772,0
0.7606061419052699,-0.12761935969683025,-0.13291336236669243,0.28858175406963604,0.13237624407789114,1.082204828933205,0.4637256277644849,0.29612029525563394,0.5946733309689904,0.6008309192602002,0
0.8492125633797142,1.2361254181413277,1.2340216767632686,0.9110277100610827,0.8449965570095942,0.057170243030522275,-0.10659694514407002,-0.9474752901682827,0.5488391783587304,0.6776223731623485,3
-0.8996791656907633,-0.08635689669686915,-0.08756765699292658,0.10552020615900694,0.28083132940837213,0.5570909190343688,0.9890291758448975,1.932780289297142,0.6722308940338453,0.806940733407683,0
0.3219479666239553,-1.3221247383887031,-1.3337994988405961,-1.6159888026435973,-1.6464419174415985,-1.8353699270726533,-1.4581682794257809,-1.9195033857013775,-1.6913984198585805,-1.5266974766902637,1
1.4199216733607753,-0.15270326361807268,-0.1461907337092849,0.18824102525669464,0.23332002641700514,0.870299765088538,-0.4978605161525053,0.5909907730394333,0.5145101527512254,0.5407004221490483,0
1.0628298523367758,-0.2911264087392865,-0.29199943239331805,-0.1775396065695996,0.003906229275696913,0.2724494179835678,0.43691782891228087,0.9067599038807819,0.6322252302422988,0.6748698958065291,0
0.7760001734199455,1.2293768272950252,1.2265553210285554,0.7969166603174479,0.9966626695780584,-0.13417389338437855,-0.44171991765064117,-0.7934499677321516,0.5272950351957415,0.5637792286637202,3
-0.16777064133311095,1.1699496512365166,1.1641157342047193,0.9229787841067393,0.8061358609705072,0.17473645756980227,-0.24430138493544593,-1.1366933006031943,0.5011752322745234,0.6454728247377459,3
1.4306166920815817,-1.5540419658745241,-1.5415694684449548,-1.6179002268829454,-1.633355572788622,-1.4034830134690872,-1.9898479311778139,0.05203207339038088,-1.7383527407073829,-1.780539730815226,1
0.80270678049378,-1.3965733607853916,-1.4022556696319532,-1.5844255862043273,-1.6399055689214863,-1.5868448347606492,-1.8593907017899856,-0.9884331454346554,-1.7015011479388231,-1.8802853609759844,1
-0.9376086098556626,-0.09639118499531288,-0.09695497889335991,0.30768644068666423,0.4222349591993407,1.052554405584594,0.8309853976038308,1.2641128159653288,0.5726547330784636,0.49375083135023395,0
-0.8909098344067627,0.9610186851982401,0.9606107159877382,1.0712778546604833,0.7506552144014238,0.7468676165634591,-0.4203531340643564,-0.691311006665647,0.449556805607684,0.642765893364418,3
-1.16791698569696,-0.39952463475747013,-0.3952483415240548,-0.12238703225154833,-0.22643122863096302,0.622556324850203,-0.5935431621708067,0.45709930597780835,0.6002626335999068,0.5206112216646154,0
1.7605561448603748,0.526306753756576,0.5398751901643764,0.4147457128710258,0.580197732791602,0.13497958870051632,0.7302724013813303,-0.19340085735516066,0.5525156685141804,0.6484625070693875,2
-0.8647152279686139,1.3991504684504792,1.3990207654564792,0.8245841909616732,0.8856042823309667,-0.3078721581886432,0.15984729145342735,-1.5876332620197298,0.5003881820438344,0.544245363155757,3
0.5170445427593735,-0.093793857845706,-0.10144512210179743,0.18824102525669464,0.2574233620842662,0.7795966564280787,0.31423903270056086,0.49593576296614306,0.5991776122598381,0.6904216581888215,0
0.9113377483626794,0.6072260771826394,0.6048171398131246,0.47754127365747917,0.6887485478848472,0.15948766527583563,0.8503357364832068,-0.6526550301260852,0.5507888565209041,0.4396567334917443,2
1.1426770930804357,-1.4873282948705273,-1.4847404077468385,-1.6354668389609193,-1.6649320262944995,-1.594633268702058,-1.927364227026748,-0.5398713529740586,-1.6922520122777907,-1.930782117075415,1
1.6620030453801413,0.5665234934567825,0.5776098722581887,0.6890479926340245,0.8432982096816168,0.6284202394150571,0.7705338935878042,-0.0014757901822253843,0.5938564349475273,0.5492029737809455,2
0.272523922666429,0.5511412194903129,0.5436830067264119,0.37645131258392805,0.5377111166131749,0.05123997691699145,0.8436591937082186,0.209031009287922,0.6265236677755971,0.44645216912033453,2
1.2945878920739773,0.6367842316354784,0.6402065388855989,0.7358928292349803,0.6131550405725674,0.6180494107425512,0.7697885015776512,-0.0028223786661570223,0.7498099958275866,0.5036953564693037,2
-1.34032172445783,0.40296152284873415,0.4101520345624405,0.3921940728773731,0.572269746686269,0.29897527690372894,1.5488700952506274,0.8624284108704358,0.7001291596585083,0.5970567064567064,2
1.3759881934477893,-0.1608742009179836,-0.15537619518342444,0.2621843379579142,0.3240049034205971,1.066352428258846,-0.7421281738675769,1.8006216870670222,0.5814566705530648,0.4410963547751602,0
0.24824248004958416,1.0966306308932396,1.090450851789999,0.4638506565274849,0.6193266517607765,-0.5530214542699781,-0.6080352393277535,-0.39880334388672506,0.615293743526343,0.625582308673333,3
-1.43265118254478,-1.5449358714076282,-1.5269549102007336,-1.6110738488390866,-1.6551367307630283,-1.4113781515264854,-0.4107498529120966,-0.6691902066631155,-1.8117141781722716,-1.4798704072643867,1
-1.202493188492318,-1.560711684049085,-1.5513617820253172,-1.6228540212452074,-1.6592485042011667,-1.3995642073434527,-0.701603021267703,-0.49752180399714324,-1.7622036622594524,-1.8700837132913977,1
-0.896869015711346,-0.42039789581057424,-0.4217429932971266,-0.16591446872763,-0.017308310196601843,0.5672135574103448,-0.316883436995063,0.44438784813172705,0.7223253022727237,0.5345828793890044,0
0.2739573871600887,1.207801614205178,1.20196110394282,0.8025827157455486,0.7070936113213073,-0.09141846504286714,-0.5483666603502415,-0.6509544909257883,0.5902757494542429,0.49420546309557084,3
-0.43101803521301557,1.0471758634093578,1.0423522156398743,0.543999223520219,0.6893184977801485,-0.3443553177369956,0.29964795041301506,-1.1178627708648958,0.5676700854620956,0.5650903169529709,3
-0.43539030681670404,-0.17484207304266433,-0.18216252604233046,0.15162558869837608,0.14291603547875348,0.8564039089558324,-0.019459026234438005,1.4569379627956645,0.6151322985835956,0.6529915423651691,0
0.8111861768385126,0.6094393393346559,0.6058668375788402,0.9667161820135509,1.1898965673795623,1.1373563328129876,1.336530755433591,0.3015253848913775,0.5549474697701888,0.6279584054471962,2
-0.682083198536604,0.06955209995860084,0.06529895200250256,0.19803520241994949,0.22539912633179426,0.4812622230235739,0.4962316750900941,0.18046621887842756,0.6409264061767304,0.6041270186861778,0
1.5858539656142885,-1.5864105787582186,-1.5674809437123791,-1.6082860032466046,-1.6377187932354853,-1.3073430094748706,-2.1831141500593434,0.6492236800733749,-1.8131472698632038,-1.4953014562671056,1
0.7278116810243145,0.4423977239903427,0.4376656633492142,0.5311324061309587,0.7323377511701826,0.5421452752570987,1.123673799165477,1.2218713245480792,0.5917832243670368,0.4708292150978641,2
1.446879569310677,-1.5606159504127113,-1.5474795789915938,-1.6165827560114527,-1.656704206146829,-1.3850066678818258,-1.9947957535825174,-0.008953657431623201,-1.7722448372452235,-1.8379186130892755,1
1.0334869793670947,-0.02576124370121804,-0.027055108770879476,0.018148792487171713,0.12096011237442328,0.23881396070073682,-0.12446673647197848,0.8194635224009258,0.6828966928041161,0.7342254145067193,0
-0.5981405763220827,-0.0884489564901604,-0.09394402658384174,-0.20851224279355995,-0.1883029179213298,-0.17120831234837278,0.2596369181463205,0.07316410787220272,0.5344876065677729,0.6665474160842185,0
-0.5869087436191801,0.5195941457516331,0.514996853961461,0.6840733568387815,0.7596563493209099,0.7246218087068799,1.5761651984343672,0.8842424421830526,0.6135618266199115,0.6943025218828753,2
1.8663770139340383,0.4662672409126931,0.48276232606498654,0.3048114818303551,0.3630179672848094,0.00030463686337389153,1.010511827356714,-0.30609361473302515,0.6510699611175503,0.4025440231298406,2
1.148594554102317,-0.049062154583482315,-0.048352454713628173,-0.20851224279355995,-0.1883029179213298,-0.250458558995658,-0.5476553978534738,-0.04686310203923532,0.5532142683806708,0.6900210476884667,0
-1.0899832937702383,1.2337974576507251,1.2364854663789433,0.6244355926044698,0.5994526952543842,-0.4512846114872747,0.4893741809867868,-1.0751535264681347,0.5103476630593884,0.6592647013423572,3
-0.5845898181680586,-1.3852651915754266,-1.392341625699991,-1.6065476126783755,-1.6341168758785332,-1.6854334165923246,-0.6236793012058381,-1.7907055473672373,-1.7483198781211087,-1.8898587416225852,1
-0.4698125243080024,0.4876192170487404,0.4819037757593765,0.8982752172456423,0.940493134621753,1.2226601417571705,1.6258612988467693,1.1376450076520233,0.583971654911272,0.6609209408730243,2
0.7944295430173799,-1.4036639942260623,-1.4095023292127333,-1.6031707946278158,-1.6506165655853502,-1.6380514305697587,-1.881505766353087,-0.9812267230934493,-1.7137973197469232,-1.8936714534288062,1
-0.7942579125837229,0.9625111749028257,0.9608981557864847,1.0728639154514399,0.8319040275354124,0.7493659952500834,-0.2927454210447718,-0.1478640352647074,0.4505682884129489,0.6529769122578901,3
0.8292660641695261,0.43713820917028534,0.4334962028558553,0.5943649532404982,0.4757807478230342,0.6807847263777739,1.2305283470664434,0.34480846959423317,0.6128779054369003,0.5146166350114143,2
-1.4746943343027639,0.4347218203031485,0.44491416209087015,0.3083023820215683,0.4399500309001248,0.06753129738467133,1.6576577848959742,0.7554241810279416,0.663865215426883,0.5062459804563045,2
-0.5550113300446307,-0.4360235498008129,-0.4425473610159348,-0.11302765091011825,-0.00956348317459747,0.7485125318923609,-0.37169325314919155,1.2708085380634426,0.6800365513344554,0.4595969975097262,0
0.10369794320482335,-1.3306399090395813,-1.3431243253709588,-1.6146869045674663,-1.6420315065696922,-1.8126233459057741,-1.2155060148836436,-2.0721648507179613,-1.7414026119061805,-1.6779267367043613,1
-0.7934492931658157,0.4445317472744263,0.44219906726954616,0.3736750495521803,0.4739785834343516,0.2075719772972222,1.4423284270070296,0.02774211285846765,0.5442018676696522,0.40632791697285997,2
-0.009675189498005965,1.1091908061016982,1.1028740324679862,0.4862146425894617,0.5816658365544792,-0.5284029594993475,0.419691929666089,-1.123994707445604,0.4828550069878205,0.6102908838049882,3
-0.6963865401083337,-0.2478838260515565,-0.2523411837944152,0.10552020615900694,0.28083132940837213,0.8907807209664638,0.36578307795020937,2.743336780759088,0.672838076300005,0.777937759634363,0
0.5387806256536329,-0.07590365115831056,-0.08334567462487645,0.6897705640778129,0.6072426324878983,1.9232452395526434,-0.38594763686913686,2.086003853583499,0.5929702343417257,0.6027763047872292,0
1.0650569067748186,-0.11040198409962403,-0.11119854014145296,-0.05851087099590509,0.1472528978002795,0.214625462625374,0.22543800579920553,0.7441202296737891,0.5887296714962664,0.5991034862494584,0
-0.38581629197124717,1.1146824944007134,1.109718983014378,1.0728639154514399,1.1076058928457084,0.5223261481268752,-0.18420327015240046,-0.6697998773978265,0.44699645090761847,0.6739188502457832,3
-0.20258515527170592,1.330505047251865,1.325177325720919,0.9943256879848866,0.8944195417468336,0.07986866458825503,-0.2564885616346811,-1.03641918219793,0.6012219207859018,0.6824934097939687,3
-0.23703599103929382,-0.36148275548553743,-0.370661236719646,0.08014041354776998,0.20162171375084814,1.0845551439452077,-0.47378721701409265,1.40496725338707,0.5753496234983487,0.42726109851243227,0
-0.9230261734914298,0.3134937842936676,0.31289613085232726,0.9679339822479445,0.6287563672352884,1.6951654798017468,1.5822603397494202,0.4848563463796249,0.7509130652948892,0.5198230409578418,2
-0.8676269959531339,0.5536363366460347,0.5524378495102409,0.25233625434583895,0.41354363829716473,-0.21383118724647696,1.3772942824692476,0.34038661053761105,0.5635110240667485,0.41619846970512037,2
-1.2047450446172525,-0.27725735865498297,-0.2723034559333812,0.5153405377389079,0.30597319068550993,1.9457348245852992,-0.3170828787127707,1.4336764731351292,0.6505136789335685,0.5645213614241555,0
-1.175478527035031,-1.5494056823853948,-1.54106315187861,-1.6203648547002962,-1.6483885559206566,-1.4138376772142622,-0.6072506387930591,-0.5894974486988404,-1.770508998258584,-1.921775404992522,1
1.285919054471995,1.2873969287328582,1.2909753760644798,1.6337378239418106,1.2376755777179909,1.241361963109738,-0.14559340470848975,-0.7426767650055188,0.6068230954212531,0.6698087028892309,3
-1.150283004748396,0.3429454069024601,0.34629631136141537,0.5311324061309587,0.7323377511701826,0.7015408347283054,1.6853641732390285,1.8516747598251364,0.6935195530122915,0.5696668314779313,2
-0.5931169345307867,0.4639380596124209,0.4593034383066332,0.49613763483115425,0.4115829037289652,0.4329868397629525,1.5127989063217417,0.5408662029630892,0.646261150563381,0.5871327837592286,2
0.23539904239517068,1.3966620412132935,1.391197759734668,1.05019128844517,1.2054347888841321,0.08818860906500002,-0.4018490189487091,-0.4099022245253889,0.49998992003959186,0.6321623630095118,3
-0.6219268875882147,-0.15659819275591405,-0.1619104884606301,-0.13436895437758575,-0.027545438545133295,0.12835955659939774,0.9001190864958156,0.7734704711279639,0.6015246763791939,0.5250676850716344,0
1.403086087721305,0.7014944488027921,0.7069291962675989,0.8219589054247533,0.831740534001123,0.6781051459019259,0.7611404462088815,-0.23975710825082566,0.674952065395489,0.5005347423245932,2
-0.3373655027706269,-1.355480467248234,-1.36591005342813,-1.6164328866625461,-1.641978283411632,-1.7735465914446011,-0.8093261843198967,-1.9768520081637606,-1.7677852776921903,-1.9390669589011607,1
-0.8396462262464672,1.1583443898667118,1.157560476882864,0.543999223520219,0.6893184977801485,-0.4941906221516081,-0.08489986292536872,-1.2914519960758748,0.5412414013189152,0.7273747467834508,3
0.23498006500637383,1.1705507119817895,1.164524058184871,0.8015668718284397,0.7981358832430683,-0.04278590059868158,-0.20764817597324609,-0.8795143172593533,0.5457762695407875,0.6661985498370036,3
-0.7189066652619444,-0.12227402702107522,-0.1262804751203814,-0.06574858659519761,-0.046286916179889864,0.22564463410975902,0.4077794903851396,0.8637656817974553,0.5192719796867479,0.6838442273545252,0
-0.09172267232640707,-1.7168711532785101,-1.729951720927355,-1.6018681261816137,-1.642052501206332,-0.8726218005138808,-1.0247190431394342,0.5639092595613459,-1.565157607855699,-1.5390833789023732,1
-0.5044322336205255,0.446265780156787,0.440761516316581,0.4370355541243734,0.5798720028127942,0.3414789170303349,1.30933170911013,0.26884853035011574,0.6717541731311649,0.602608726149935,2
0.0925642922434044,-0.4178531805274696,-0.4280502532851566,-0.3276363003050869,-0.16717269335446439,0.1637726049248288,-0.520337995839491,1.6220055962528097,0.6235547734847159,0.5514183145070221,0
1.982057852109276,1.0662691537991469,1.084257266336556,0.5616342486476921,0.5699063184458025,-0.3676300516899708,-0.5107742993065864,-0.7361459696155694,0.5399549317980317,0.5841340827748369,3
-1.3151903530826066,0.40883348081656135,0.41547881626194233,0.7417617405385175,0.5995224359807607,1.0200810312102515,1.808083986512992,0.7482327777648977,0.6051596630919444,0.3964362300334646,2
-0.15072262649553064,0.06222730187969973,0.053641978715625885,0.46838257254933535,0.49923528664351424,1.1174752066686988,0.761882921529821,0.6210565314328175,0.567775767342796,0.5984310794521994,0
-1.3029670793749628,-1.522155878290443,-1.509448229656621,-1.5789046495413264,-1.6357864866882235,-1.3323103957422944,-0.4673140899883978,-0.9643309671103124,-1.7961958820472168,-1.6990696749764629,1
0.5312574516403185,1.158217662548881,1.1533814016576407,0.6979058890471146,0.6398126047612611,-0.21326430350634343,-0.9827098646425629,-0.3837824664127396,0.48950405092742016,0.4954565392072182,3
1.2260035331798538,1.0483873679058928,1.0508575422589668,0.8827616451583107,0.9931787176110595,0.2632358639742148,0.19557360454658798,-0.8669881283919174,0.5242584992166693,0.7374436701857745,3
0.9982642572135846,0.5335650603710311,0.5322061481623098,0.5435266979139023,0.6910144692969786,0.40916167293428857,0.8614564497714424,-0.21739770372096476,0.6923301511841249,0.5700224594763309,2
0.8068699356170991,0.5824162772532365,0.5787523254406516,0.32938087844148345,0.3301967014338799,-0.09792103081203754,0.8787541486032735,-0.40193044345728224,0.7111832744540768,0.6633887564592411,2
-1.3459723639152097,-1.5396315517614039,-1.5251513643466033,-1.6250993522423076,-1.6456557312777707,-1.4674747618911488,-0.4698173782472642,-0.6868747533894228,-1.8178734592945236,-1.670700549915082,1
0.9030555720714488,-0.36897083258233737,-0.37256923579519813,-0.050381517038123616,-0.06994005810625534,0.757494904382485,0.33915917738577467,1.4159317061491703,0.5967838791786996,0.6889634057452364,0
0.7781367930717736,-1.4031169193293551,-1.4092593767553332,-1.5803726790514079,-1.6177402960497778,-1.557766501245151,-1.9182503101302235,-0.8742286243639634,-1.717310112359805,-1.9014066619400969,1
0.29802746109776523,-1.3257539727118397,-1.337582251616407,-1.580744178954561,-1.6221285608296308,-1.7064138868267993,-1.4119992322604016,-1.9211484048197605,-1.7060050892571106,-1.5712862198358672,1
-0.5152958377515805,1.012205246643055,1.0079261495292318,1.1651607660295067,1.2336281460111356,0.8462248996233717,0.09126975188765368,-0.6014644511884983,0.5166177322651301,0.5014341033460096,3
-0.4368314222574615,0.5922178272564055,0.586459982104881,0.3083023820215683,0.30345226152738974,-0.15198244878630834,1.7368328675461098,0.19368910257764238,0.5635141099442197,0.5321969102246937,2
-0.6018004448824493,-1.39114994075356,-1.3979323130755743,-1.5964297586865783,-1.6390564153626583,-1.6382461674450248,-0.6310809359540461,-1.816115502014708,-1.7242929263872158,-1.7914942135566467,1
1.053835806104342,-0.19418857007820364,-0.19520440604600964,0.6897705640778129,0.6072426324878983,2.1862775536256125,-0.005768367966684796,2.8621710141803844,0.5456986561181197,0.5811143466506191,0
-1.9110792716689056,0.371137461580844,0.3933274075097047,0.1604711791368575,0.26348394764249367,-0.1592168565047825,1.4762306531349847,-0.0007504765022376301,0.6489297010897529,0.561900062623655,2
-0.34284739915244977,-1.3490614005418895,-1.3594224272786908,-1.6116678208387183,-1.630158397205464,-1.7698986839894681,-0.7633445449579782,-1.9926808671096343,-1.7131859418453346,-1.7497013801920343,1
-0.12781855982063728,-0.0918689031907705,-0.10090932718127325,0.1333611032583122,0.10836857413287072,0.6488509818315868,0.04281984143443441,1.1812004494628,0.6342657212345543,0.5365531695359957,0
-1.3694641552429614,-0.2919366497872882,-0.28288427976874514,0.045503536666730286,0.12290573947989124,0.8071598835475311,-0.022579977030879984,1.0054808828685668,0.5853879120462423,0.496256474764385,0
0.0826672918547155,-0.25265604950059894,-0.26244075473096456,0.14022263807510876,0.1339967849989238,0.9976981654590734,0.36527135045926373,1.2459105656303908,0.7092598933410388,0.4102748627923013,0
1.2449922129067934,1.2595415704801995,1.2624690298653374,0.8523134326094725,0.8789333507683661,-0.08422684934496578,-0.004747269807635889,-1.1844271935257737,0.4996158067074058,0.5441196872937266,3
-0.7794439451798987,1.12183933551633,1.1203001730306232,0.7687568950321997,0.8132828618653669,-0.04139470504558007,0.23563616020402997,-1.0009415898990817,0.5378196320460886,0.668001319956699,3
1.4517225530029,-1.5581358288994809,-1.544835872031442,-1.5800063569927645,-1.6281160617634112,-1.2543830191548386,-2.030334906214242,0.07288109371971568,-1.782236304526422,-1.9509445822688374,1
-0.22587177705311265,-0.08674614353223013,-0.09535352393732223,0.47854505252047297,0.5437737381322894,1.452378839901773,0.40977068572188285,1.6729137014390114,0.48731075267449914,0.617772831356772,0
-1.2515776461787749,0.4235467561954524,0.4288617342781164,0.408531212158887,0.5931087627717913,0.3019741813666392,1.4870044173651211,1.3230602206462823,0.6353249887843895,0.47649441227038714,2
-1.4712919551073869,0.4707315606723926,0.48078889166988464,0.8150598093356488,0.9096770222826213,1.0534637142900796,1.4274135999300612,0.43551895665996637,0.5098920699594295,0.3728714024225119,2
1.543187022744282,-0.13877853989811384,-0.12924182304234066,-0.051107686488737286,0.03225761215653769,0.26604603268203425,0.0411095020458315,0.4479131662673198,0.5178477422084382,0.594664932034863,0
1.9187254427528593,1.1475893650779232,1.163833105036529,0.7523078773350397,0.9098473657001389,-0.1298809327886869,-0.42918382134325994,-0.5958113053449253,0.6683012356585557,0.8319667629893435,3
1.51980377478071,-0.1277952219332646,-0.11888102661574343,0.6449227861045788,0.5140391311412351,1.8987185538334281,-0.2414475944037991,1.1237456558010452,0.5337007911490218,0.6733522472468827,0
-1.108753396016323,-1.4840593341077157,-1.4782665999663487,-1.5641367052089228,-1.6216530108087106,-1.3489648834850445,-0.47744716141191873,-1.260462092573935,-1.7577454225005686,-1.7297285999436305,1
2.2908085061329544,1.1318527174143747,1.1580973326408357,0.6196497361745135,0.7751801309923728,-0.35952564681682136,-0.6687082153529167,-0.45524828384808597,0.5713275326758228,0.5456606942303939,3
0.45097007673458916,1.387771763413103,1.3830274508339158,1.8518263032618543,1.3124130207531879,1.4736147362629821,-0.3853444586077329,-0.24589285649042078,0.6218957001290404,0.6607995025462476,3
-0.4433785021920451,-1.6821764784636786,-1.6917015867783576,-1.6309013165315014,-1.660229998255349,-1.0897383723371423,-0.8285238212708321,0.2509146100575486,-1.586714278767481,-1.6422697799646357,1
-0.0688178206238995,0.49832967575651743,0.4905794249648781,1.1782420274806957,0.9879643943491075,1.7816058325792006,1.3259281117891872,0.22012985875692798,0.6955399556384055,0.5728481301204256,2
1.7674948641716777,1.102542472937312,1.1153139173231938,1.1927959172625853,0.9962332179623309,0.7304044138697755,-0.7875218466741533,-0.47410612981549816,0.45935320950013014,0.7062509607341925,3
-0.08878107701102718,1.267448116120353,1.2616502781126067,0.8724420229193881,0.8092563347002016,-0.0478354207602446,-0.06307851986156157,-0.9311268849315727,0.495503872384748,0.7342740180576737,3
-0.9947357557437616,-0.33526836783835573,-0.33476594778086033,0.1068071237109892,0.04786960317729997,1.0721112537040278,-0.2128655869436902,1.0807501190278446,0.6402241537999149,0.6282843512112868,0
-0.7942798440356752,-0.19350936364999968,-0.19648297317924512,0.6449227861045788,0.6291242149178963,2.0807611429991772,0.23995337509659154,2.369039388915393,0.5590529532605447,0.6291965202321096,0
-0.8244483611073155,0.5016154035025334,0.4997651846146735,0.7417617405385175,0.5622566835562847,0.8691279914961876,1.8344329127067147,0.38875348151998296,0.6140530585054208,0.5612330089989639,2
-1.486217277636821,1.2126937355002039,1.2223652525983089,1.8518263032618543,1.3124130207531879,1.7356260769500196,-0.3692215284799543,0.06436780247941064,0.6198878149482381,0.6436236832828355,3
1.1370982460309575,0.6411047834807686,0.641891747245687,0.6999459641432235,0.8654153205391911,0.5438446088891559,1.2494939728390697,0.6199942870808866,0.5713600945846127,0.5217784666597782,2
-0.11733533263510089,0.08887024508060924,0.0802359736199854,0.152970236145088,0.27635259964374037,0.3519529025427281,0.2952959980957084,0.8604211440253878,0.4553171861069664,0.4084075310923273,0
-1.1865600871820992,-1.5548509637474415,-1.5460936380343588,-1.6023678229483356,-1.6347630156701651,-1.335039753329097,-0.7165130140486208,-0.5085201799470147,-1.7359485716330332,-1.8679053168173605,1
0.7564645766834095,0.5276323036707118,0.523341339246494,0.5017118701036208,0.5093099350494535,0.3385183672933799,1.7008398748511955,0.33087122280948494,0.49862203261540666,0.35287291930862374,2
1.3475472295223108,-0.13741675786082264,-0.13259414579138204,0.46838257254933535,0.49238503240016995,1.5098309539264,0.32266740626229085,1.4132913502641475,0.6088918704563725,0.5072011262319366,0
-0.8113374024545119,1.281164455666253,1.2802370865171209,0.9855740280309865,0.803470916717202,0.12525992406018724,-0.2673189187277285,-1.1587602080613368,0.45138902316170537,0.537485124034941,3
1.2843143221091085,-0.21012035446874328,-0.20661419893032446,0.5257612191042448,0.2721461040892598,1.8157241724707653,0.06869200407357419,0.8743824290716917,0.6055012789021221,0.6121874272042741,0
1.1177482553781093,-1.619227161068618,-1.6168699339370274,-1.6264646148084698,-1.6610440314197024,-1.258872159460328,-1.6759152181124046,0.4306435549894383,-1.7144097339355402,-1.7890433881609011,1
-0.9848305119031459,0.3806964355830252,0.38112920517774573,0.2104381807293036,0.3935708102519684,-0.034892380805621306,1.3506269295826845,0.8193764592691549,0.6086607967644562,0.4025990240672658,2
0.01852925491808946,0.5887258094767472,0.581076706895364,1.1782420274806957,0.8867151539649273,1.6074339940568594,1.2004668873491757,-0.2232157370946969,0.7057853505413053,0.5537831550099085,2
-1.1703945874196722,-0.21088812428276366,-0.20679666754291534,-0.341622488840072,-0.17057085582497467,-0.29013935249021877,-0.21337717171410361,-0.06158813113386511,0.5222924792369996,0.6309351568833522,0
2.0650561573497197,0.9404632219433887,0.9609717666507663,0.6349100945926532,0.5836765402120145,-0.06526573940957849,-0.9779956421283615,-0.277496383407127,0.5393350861230864,0.5842711673371456,3
0.12138207736678272,-1.3256938120055486,-1.3381468482552936,-1.6219099474584724,-1.6449161522068052,-1.8473069400908846,-1.1853067034973765,-2.0649570736823053,-1.7492807994621495,-1.649701119683515,1
0.5090958708145961,-1.341291318006207,-1.3513603140330592,-1.6086510947356516,-1.6480343554506367,-1.7754611531015492,-1.695948493016168,-1.520510654870761,-1.7288499259473529,-1.6624550243908713,1
-1.3930416665270668,1.2698884978562144,1.2777241010336733,0.7422722181407312,0.8456623556684401,-0.29680252180592126,0.15872792582583678,-0.8314238287276623,0.5439968358871584,0.6660262470905379,3
-0.8357650682055779,-1.4437505431673017,-1.4456603278728337,-1.6253241271919305,-1.667355494854994,-1.6413365471694232,-0.5166180435028122,-1.6354675397782754,-1.7644463054752215,-1.8569435995521584,1
0.8088313722021575,-1.6533407249797665,-1.6587802729663648,-1.6160873558163822,-1.6360616460553867,-1.1150814132829616,-1.604354914026015,0.6635149347552304,-1.6727616986925788,-1.6524228537770538,1
0.1440746516314379,-1.3217930583980662,-1.3342004233975773,-1.5694455695353329,-1.632292408577806,-1.674248068071387,-1.2165093066855153,-2.0843697783866686,-1.7586427961049613,-1.723526396662305,1
0.16722772992236404,0.5427963912841541,0.5350821555595154,0.45934433551673054,0.4850704427464292,0.23325601478741087,1.771964022387798,0.21894590760304117,0.5982573278006029,0.6345644561976911,2
-1.4191894716400415,1.3406311125475294,1.348952822694651,0.8245841909616732,0.8856042823309667,-0.24473420932628384,0.2917867303013277,-1.4932704001278299,0.44162168196292,0.6270182890103358,3
1.499264490027264,-0.2537496482944484,-0.2450718928741528,0.5597630662115263,0.3620716794485656,1.9896584044637031,0.32642551838101175,1.3161774607199164,0.5938822551143084,0.5845030514041718,0
-1.2665645919629123,1.3128467477386763,1.3184193360735301,0.8654205074741056,0.8685761560983544,-0.13477981727590257,-0.12267691819452543,-1.2274798867702374,0.5937937587932575,0.64777183984305,3
0.5070848252627987,-1.6863673625833515,-1.6969657315625093,-1.6110738488390866,-1.655252936565701,-0.9972497524860298,-1.4177846880938256,0.6716749483147069,-1.6056918084400893,-1.5000581671081272,1
-1.430101165169796,-0.21938157559133276,-0.20891406892701733,-0.05729152348868446,0.020986943330467227,0.40446070469537976,0.1334562755637202,0.6308106768927859,0.5274192509876111,0.6749480131174999,0
1.0911079748527284,-1.613839576084178,-1.6122820195918761,-1.6228540212452074,-1.6473848556173103,-1.256074920381749,-1.701423450262841,0.4642259883256258,-1.6848102210193243,-1.6942417971487453,1
0.04585968098140548,0.23056939355717282,0.2220040240132603,-0.04460155421189298,0.06643107828746271,-0.3276049484436965,0.19870471761053213,-0.6277453431771304,0.5532250801416911,0.5030429824522556,0
-1.3847526222674138,-1.537489984607636,-1.5215112371193569,-1.5604080476499207,-1.6086783760284726,-1.2361193923721143,-0.4652950721553632,-0.6580114819965428,-1.7857963025456154,-1.5539810428596008,1
-1.0611916961456649,0.3197582066487447,0.32146912788924864,0.5511236303550494,0.5953642336274575,0.7886575028807851,1.6147428482295059,0.5695717901467611,0.590467097967028,0.486024201076368,2
1.6067364406388238,-1.587239124008144,-1.567416500643472,-1.6278851513242991,-1.6473892549764402,-1.3814147139924162,-2.1500501833422945,0.5594079314326514,-1.7501000444649313,-1.3784928161369858,1
-0.1429605303318164,1.4988744084846588,1.4937767112406635,0.9017076467645249,0.9519491995857448,-0.29463595630015615,0.05170119045550991,-1.182415506442347,0.5725959354203635,0.6342245438438425,3
-1.2016639923715338,-0.1548054791711023,-0.15008115858432458,0.42074681095304134,0.32268707623686993,1.4346249583305444,0.9879447701823661,1.0922626091644458,0.5340945021082044,0.5430221616014822,0
0.1549092663671611,-0.5436691435619304,-0.5541171631356827,0.018148792487171713,0.10030239490144079,1.3506346857210434,-0.08983817408088227,1.182764553005548,0.6287816834374359,0.5454550288114923,0
0.27682864524387296,-1.3257998900586554,-1.337745067176131,-1.6077731082092936,-1.6377107895217191,-1.799324638377811,-1.4033200356744167,-1.9477872710679274,-1.73559511955894,-1.5331299907031044,1
0.6853657821390732,0.566000885529223,0.561088924435761,0.7208339311792096,0.8214954002382152,0.7204712210686862,1.552369808073754,0.5069697371176177,0.6047433206678576,0.49536996709958403,2
0.7929104911068956,-0.2743090140494067,-0.27939261517675484,-0.07861459482730165,0.0015858691495859464,0.49256733503451744,0.07390596170214839,1.0974142289977065,0.630057213998631,0.789554593286271,0
-0.40836707831857155,-0.15678450950143533,-0.16430510826894296,-0.12238703225154833,0.00011445894560138228,0.16160862573219373,0.4212987677021807,1.2922128388568337,0.6098246234202727,0.715993816959443,0
-1.373986505054573,-0.1704158479970072,-0.1615393753746662,-0.007559750702930762,0.11604250483760999,0.43199540929301283,0.9206239488752569,1.0839515665921415,0.5949059530092322,0.7108549976925239,0
-0.2681077708241516,0.43398948810797655,0.4268085140419908,0.7358928292349803,0.6517592821819516,0.9872334838154531,1.0804560830585983,0.6488050260658126,0.6982908818311718,0.564252562734429,2
0.5349461423938926,0.44573196559395784,0.43935281832284695,0.1454615542031805,0.27011462474700665,-0.26178419728739544,0.8592530026034707,0.35988360980611495,0.6103424710961268,0.5510646158024761,2
-0.9267063624983614,0.39480386735302153,0.39432420040782584,0.14205164333609782,0.3471233957592156,-0.1994262110568332,1.5062415382907282,1.133105375400189,0.6349538659207208,0.5811447419302089,2
-1.0540663112545487,0.5789514449287354,0.5806284657899586,0.6698266106801096,0.8351735266325688,0.5846663441959624,1.3095858317357343,-0.0683808489095524,0.5606903826144429,0.5309219621913791,2
-0.9142533292705527,1.1116216405854442,1.1117083943664685,1.2159212680510376,1.1640869999097412,0.7776369818492149,-0.15004715840382538,-0.8830807673961032,0.5936141263453296,0.7110385362635068,3
-0.9369653766979711,0.548178926092923,0.5479805167656694,0.5059584965950088,0.4294050834498793,0.30713727424574183,1.4783864682971621,0.27508800129287425,0.5175238564728748,0.4639254526740116,2
-1.057124408697354,0.60236505579722,0.6041042307048499,0.8882448537685982,1.0071103817512386,0.983297930396155,1.415240127385465,0.9043854144232365,0.6070406600206627,0.5288508569375635,2
1.2394691135381894,1.2750340240820315,1.2778911269341429,0.8654205074741056,0.8097249834354064,-0.08166493297709602,-0.14651509602202017,-1.8678822423594819,0.45196685931998676,0.5519863922922775,3
0.26632442570110726,0.5892270032805276,0.5818438178439048,0.7203386256793115,0.8909097403851114,0.6843143650086206,1.1449481908901418,0.33896828140044155,0.4222058571652983,0.199248134510179,2
1.5520924314341646,-1.5910048489109967,-1.573433379854329,-1.601525675592968,-1.6344591800797705,-1.2677612979868593,-2.1029307446763887,0.5465281422728279,-1.7821128655952077,-1.593025284543526,1
-1.367341626034949,0.30746828325272646,0.315361187934794,0.8882448537685982,0.9489175470102893,1.5199377089437547,1.3570706688705498,0.8626615927832295,0.6553613337628762,0.5421815651198393,2
-0.6084056718771427,-1.3929819562161423,-1.399648970879176,-1.628700077815148,-1.65338287940906,-1.7486254031765507,-0.6506453533248281,-1.7882024829454035,-1.7597864436353292,-1.8696641709722983,1
0.3413159100272982,-0.3491252810794954,-0.3584709047642094,0.1367240698972255,0.15596873986311685,1.2004853482422222,0.626114923485094,2.078774042471858,0.5362732929955706,0.45880612897656753,0
0.5067327508672116,-1.3485608229560375,-1.3586678484013652,-1.6326125030856227,-1.6523908805212502,-1.8442176987780454,-1.6056653008166277,-1.5961256366536503,-1.7071882054497998,-1.685661782384053,1
0.1263181249828557,-0.10522034622146623,-0.1146080756807372,0.5153405377389079,0.4301641193366107,1.5816513448082987,-0.3999551825794458,1.4375071330394324,0.5553392120032324,0.5118048540205219,0
-0.15573203862872362,1.4601222089692387,1.4549639091008733,1.2997949105962128,1.1240892889054812,0.42711183720942286,-0.29290354902452476,-0.7685997965486497,0.5561624486403303,0.5949452126020939,3
-1.4025534959000774,0.00195977189483229,0.011184303475474854,-0.023445060502453773,0.13215524263437706,0.07388977803580231,0.4573642460117681,1.0447150087344144,0.5689131727659809,0.7014405993507825,0
-1.1267348535437625,0.3688337472913883,0.37173958121797784,0.6050474804488188,0.767724106012313,0.8123724795476114,1.5657938222909478,0.9226658268675012,0.62101461271038,0.3933240605642304,2
-0.7017277988697481,1.3693716467100285,1.3674380160030168,0.8724420229193881,0.8092563347002016,-0.18588081112195737,-0.19031849440585727,-1.2015082823168637,0.507176311346071,0.5666020434114487,3
-0.8829146799961081,1.2599938154987314,1.259880865711478,0.9229787841067393,0.8332188142160903,0.043196003154247035,-0.024438927708366164,-0.7505747697784069,0.5343196232984357,0.7829820607409671,3
-1.29552758561362,1.0182836827483912,1.024311509333273,0.9110277100610827,0.8449965570095942,0.35377497445190786,-0.17187408811102936,0.08118718003523541,0.5988878018604501,0.6554469687813862,3
1.0424439545413495,1.204378598692327,1.2044261558125566,1.2953902102398893,1.0606494865278948,0.7791672816820517,-0.356722918089517,-1.108175320228154,0.488167989255513,0.509535671076552,3
0.20473739082208994,-1.7111507471169063,-1.7243389819590544,-1.5800063569927645,-1.6379082168259238,-0.7996966495569583,-1.2874066310683476,0.868183319662562,-1.5906713698636947,-1.6468206900549123,1
-0.17941869708597635,1.204340223989782,1.1986274815953375,0.9855740280309865,0.8293022790664317,0.2378979964483386,-0.6974180091995533,-0.7252989908505765,0.4593646514213613,0.461188084133954,3
1.978016809375272,0.9822241063338887,1.0003058572358496,0.6677095393282636,0.6681694571880981,-0.05968198258036543,-0.37801487152440233,-0.6097039899794602,0.5100012588769822,0.8409021743509035,3
-0.37926005366017895,0.5908536816210104,0.584685509107741,0.32938087844148345,0.3810572812479865,-0.10691308102687616,1.263204938793663,-0.21784580632453251,0.7077570424698703,0.5746037605273,2
0.4933782988224159,0.5561956320376509,0.5497794483909119,0.3303768978406997,0.311173424032451,-0.05165739239701434,1.4745716306491468,-0.41684848553865306,0.4979753994442634,0.5187082230844118,2
1.2944504011127707,-0.042995262463584455,-0.039411092973405906,0.1333611032583122,0.10836857413287072,0.529543404738243,-0.4650142816002271,0.3395973586127669,0.5604813899097975,0.5510244598509774,0
-1.3046038946653915,1.3580343281304779,1.3642775029254492,0.7687568950321997,0.6136196099983564,-0.3602456754152585,-0.20232253604412426,-1.0210438566019688,0.5805192692635033,0.6638228759040568,3
1.6737015406476383,1.2127366780932438,1.2233713568289055,0.7969166603174479,0.8111479682419608,-0.12995740184849844,-0.2627816279670952,-0.9562284487280789,0.4846067801827776,0.5648314101394056,3
0.5300586666403355,-0.19566571430280122,-0.20342169828247428,-0.12146341512329537,-0.020702259357646777,0.23800681181937594,0.8477059537518994,-0.21152894403604672,0.5710989487231412,0.6156838085374486,0
1.1397458332777513,-1.620737985286573,-1.617715232582911,-1.6023678229483356,-1.6459943080752406,-1.1640463969609045,-1.7370952588961783,0.5350192496233275,-1.716997210182584,-1.8876592347925927,1
-0.8955411496770477,-0.14664178266423772,-0.147947608868309,0.19803520241994949,0.22539912633179426,0.8973264170494373,-0.07652982280842648,1.1766003833187806,0.6009147990522609,0.738124909136635,0
0.5172610650887431,-1.3422179420910054,-1.3521961612614166,-1.5884132967940265,-1.6316605264179591,-1.7036137094322483,-1.6502692577438605,-1.483346045635914,-1.7172693498962797,-1.700733033522144,1
1.204121108624449,0.515561894755206,0.5173710526899116,0.43870925616019923,0.5872711653506205,0.2196626650518776,1.008068192818109,-0.1838473514832879,0.6466202779965863,0.541429386235241,2
-0.6184168357016118,1.2125273501834486,1.2095194245411303,0.7370522142084004,0.6622013595413687,-0.21760649851066344,-0.651298501821083,-0.6955154673767252,0.5445876183267069,0.5546761917580864,3
1.46651296995353,0.5592602590201526,0.5660212059034585,0.4362368622367378,0.5642296545940342,0.13727375169802936,0.7069856302901899,0.15115434382293372,0.6868018020934031,0.46256519169236987,2
-0.964451495853947,0.31138017078998576,0.31144174210421793,0.9667161820135509,0.9116553350581788,1.6955056213622848,1.2203142501939823,1.613495478894604,0.6549026354158238,0.4755490773220833,2
0.014972165990160984,1.2421173354275388,1.2361123496269633,1.5848861790298072,1.2690820561075982,1.2420733120557341,-0.9567935713654617,-0.2690411176771261,0.5116885735248989,0.5341160708082501,3
1.1231368044292018,-1.4752766674470683,-1.4732864354239499,-1.6216219626995698,-1.6571016131804985,-1.5689755401107686,-1.9239417232211637,-0.5397808102916514,-1.6480560761874576,-1.6407158366889951,1
-0.8702998907803898,1.0715635731301654,1.0710339871935106,0.958895676639854,0.889893611054431,0.3726840490609597,-0.46288622038179683,-0.31340608262687375,0.5004917922081538,0.7166724726221919,3
0.49099945624244185,0.8195367055392307,0.8136962286709069,0.3408221584053215,0.3928920247489966,-0.41521950035033095,-0.39851217952975715,-0.07289456409843571,0.40838859357407403,0.3945599165470394,3
-0.7483916645307958,0.5663142418288895,0.5635730729552522,0.6055066504813718,0.6840920995517966,0.4831904239099466,1.8775240264509276,0.4247160403633038,0.6425803512657721,0.6028990475267931,2
0.6696677836853269,-0.1860148311074548,-0.19243540802203501,-0.07861459482730165,0.0015858691495859464,0.32068090617371064,-0.35104553798859883,0.6942723632573293,0.5865607710168262,0.8261265189592042,0
0.7990828143506046,0.5337310448278266,0.529902215973487,0.7203386256793115,0.8201726470718743,0.7728970462489635,1.0233541122296554,0.3551121941171713,0.5653254613822911,0.42777311381475913,2
-1.1026856412526356,-1.472396011463144,-1.4668494054187544,-1.5884132967940265,-1.6316605264179591,-1.4625197633706066,-0.4676714088066649,-1.2592276232727104,-1.7674082232677508,-1.7197903243647321,1
-0.28026848670267274,0.4611547090096066,0.45410054987552384,0.9679339822479445,0.6578032342921537,1.4184255126403138,1.4714700633644435,0.1137990371323378,0.6838935855198993,0.5306911160695523,2
-0.13388770744716766,1.0744318936479336,1.0682642903621702,0.6479206402652345,0.6616670970277672,-0.18944060356172016,-0.09183597614766935,-0.9840595679847132,0.4697535321860181,0.4611249150398307,3
0.8288395207550932,0.4912514405100258,0.48768773601237797,0.8150598093356488,0.6700549784943524,1.0410241358946961,1.436986126403701,0.4459737801170613,0.5202675909950072,0.381873085499041,2
-1.3000434001344512,-1.5222244746267903,-1.5096250089818477,-1.58648391928108,-1.6250730027506786,-1.359836065126439,-0.43157300952714467,-0.927421912628343,-1.7992052858188392,-1.7429903673583487,1
-1.1628114051364082,0.5079836943240607,0.5115567111617104,0.3560112469137608,0.5625348344508294,0.0599902761715061,1.3196698161291878,1.0015253079477573,0.6024497136571254,0.3376976593677224,2
0.2080485602016398,-1.71070749013466,-1.7238813093527132,-1.5789046495413264,-1.6357864866882235,-0.796508583059557,-1.250312129936953,0.7745739240261793,-1.6356674504384292,-1.7601070749283243,1
1.3491040264536946,-0.16412926911027678,-0.1592396302040054,-0.08810772935284779,0.04948982160073231,0.23433294142834102,-0.5872410980024985,0.6292770757731707,0.5184298364411152,0.5616841574127376,0
-1.1339781336460784,-0.06018592361819427,-0.05700434961112636,0.14424349414222304,0.35513119231434215,0.5887260652449411,1.0203478316398182,1.023953098531721,0.5661562487057924,0.4510074115364884,0
0.576434072325015,0.4775727245845828,0.4715674719436078,0.43870925616019923,0.5633164841416176,0.294059407084663,1.053940459834249,-0.21751291620727453,0.534402137115528,0.3385879823536489,2
-0.25822793945290895,0.46974307127971876,0.4625949860829642,0.43592864939176246,0.5052116937539903,0.3030653376037616,0.7649337272057504,0.06591839522714375,0.6407081953416628,0.4711411267702509,2
-0.5889403375525403,0.6289686007929279,0.6245896372120435,0.8944700546656082,0.8299333991479948,0.9601710012046301,1.5931285432562503,0.5981237255801941,0.6707521722508536,0.5943837689963867,2
-1.2584175788850434,-0.04060516441498451,-0.03474105335943458,-0.04460155421189298,0.06811195755232358,0.107106758831967,0.8303062366023518,0.6020553666158198,0.5857417606201745,0.5154625949977347,0
0.6052020739447537,1.17574274101638,1.1714291880462169,1.1880669436276503,0.9206937378602404,0.6375773467322908,-0.39115019560983766,-0.5404496811663135,0.548739378989439,0.6619622286340013,3
0.48315156617388416,1.2336280725489495,1.228688550729148,0.6349100945926532,0.5836765402120145,-0.4229517079209924,-0.36763281718140534,-0.8757834754958758,0.5731807284094229,0.7195532151511532,3
-0.06784102360026957,-1.327502592579749,-1.3397510379600872,-1.611753132736687,-1.6394974035620071,-1.8091167835916342,-1.0234750484681883,-2.052762548959669,-1.7306040928982844,-1.8089658061068494,1
1.1308836122618626,-0.11329667013622408,-0.1129145608867169,-0.13862928459147408,0.009626267484156917,0.027939647099988637,0.39526188755205416,0.08020609685129827,0.555042140555249,0.7880660399097746,0
-0.8618351028720429,-1.5998468216445796,-1.6007738146901127,-1.5964297586865783,-1.6390564153626583,-1.18270085543456,-0.7983179368134299,-0.0662445915405027,-1.660677540267544,-1.799925563500348,1
1.1302090266020977,-1.4788357179977931,-1.4766337638397797,-1.6297784483791895,-1.6625590824810343,-1.5914010849539033,-1.9118853478128353,-0.5451906219781715,-1.7216088904692073,-1.9335004302933467,1
-1.2903575965562866,-1.5164447979598445,-1.5042472433550835,-1.637122404410578,-1.6572832899507217,-1.5582511954422447,-0.46765610306492195,-0.979101991703846,-1.7683952425138902,-1.6018998851057198,1
-1.165428131093718,-0.3755022124420037,-0.3713180070156087,-0.14472574584999232,-0.18349243557656406,0.5154013934066048,-0.459934977760673,0.4287237099843265,0.5303718114916925,0.4838562321724843,0
-0.8458462840728583,-0.3750573364326503,-0.3772968735987569,-0.37701584956101863,-0.19971615347063662,-0.06257083052123254,-0.10469727200599449,0.9232295241268281,0.6055353524004752,0.6529066602157313,0
-1.3935126728451117,-1.545387436731757,-1.5289873904102618,-1.5816540443037321,-1.6481620001180377,-1.2975071731366514,-0.49307568596993695,-0.6717287074294626,-1.7926311862262199,-1.529228283259741,1
0.8742339757312001,1.0541425919546725,1.051988389099345,0.6606796892203021,0.666776650581807,-0.14403207240008395,-0.21715713909749873,-0.7098832551728869,0.48214792572149134,0.47517061722020515,3
-1.177480703109078,-1.5549776614184594,-1.5465323060539926,-1.6116678208387183,-1.649989318866964,-1.3688031268633862,-0.6603195024425741,-0.47957121560603755,-1.7652347510854118,-1.8479576425018889,1
-0.4998949172300597,-1.6778115540200533,-1.6864398074925617,-1.6005558975415408,-1.6407881597783383,-0.982950036056046,-0.8557074510245543,0.30112172547006955,-1.605893741064808,-1.7518461502230818,1
0.7968245541795993,-1.3935937946687924,-1.3993879716877722,-1.5917531417775528,-1.6299276211968459,-1.6187170990153952,-1.858200323714296,-0.9373000128832581,-1.719068485016123,-1.9043683352702683,1
0.24439648429184366,-1.7103827197795762,-1.723387868072712,-1.6259906831569266,-1.658784644391633,-0.9874697294154154,-1.2654967503731662,0.832240558057326,-1.5697820513159126,-1.4825043696474063,1
-1.239518708116935,-0.023757882292853656,-0.01833945060718894,-0.10577287034163971,-0.005841837452205628,-0.0638893469596523,0.7440485776633017,0.7312736872665208,0.5504514007933181,0.5398350498558262,0
-0.2765684359880217,-0.045599047169043866,-0.05383084740136482,0.5597630662115263,0.46876100192453013,1.5527652774338108,0.08289046682672598,0.3097429202435774,0.5657475727156285,0.5143173786697416,0
-0.8761117962311282,-1.438215466271229,-1.439149078821611,-1.5803726790514079,-1.6246829562672533,-1.4939024145029542,-0.5849918921863769,-1.4997799412580246,-1.7378170257915564,-1.715943735501184,1
2.1872000376352387,1.1919712421387136,1.215069028506202,0.5647436186390996,0.6549968186989056,-0.5298089105352725,-0.3526541552412985,-0.8876480917131825,0.5185253694704773,0.6415658681549057,3
-0.8056756258350634,1.2335071906240953,1.2324407605823495,1.1651607660295067,1.2336281460111356,0.5075646396176691,0.2700348171788207,-0.9265264819675845,0.4875313697674706,0.4704024367634847,3
-0.05198112659197145,-1.3302287730310847,-1.3425363212684043,-1.6250993522423076,-1.6456557312777707,-1.8497606025561475,-0.9985639768613179,-2.075188350971837,-1.712670329237456,-1.7124021387153154,1
-1.414507580952918,0.41622713193570793,0.4250516545297787,0.45934433551673054,0.6702650713117456,0.414176905762815,1.556264760231665,1.0180199860501016,0.6512359034452541,0.6030401516813666,2
-0.36424757061053387,1.421994297900387,1.417605493925313,0.8272990688212521,0.9910210876465431,-0.32638711001880893,0.05286847350034323,-0.9347646071392919,0.5221460654195419,0.6669660003445466,3
1.4161992587677361,1.361895757466895,1.3676412723304303,1.044898111091296,1.0406749089262348,0.11041866178281154,-0.16533594422844847,-0.9847466432496386,0.5122767386245022,0.5083354921447298,3
1.1759233072792985,-0.21084371230427093,-0.20958339180952246,0.016747677436617567,0.1052638571718346,0.5856966570247528,0.2289597319568007,1.633771566283185,0.6012685140262861,0.5906552473187667,0
-0.9198788637715737,1.2920186761284262,1.2924116699836756,0.7767427315323007,0.8828685139288109,-0.2554370493277413,0.27953842199544476,-0.9525378579402208,0.5147710807707447,0.6586392834299173,3
-0.0841669376718819,-1.3328609138516243,-1.3450615882968155,-1.5604080476499207,-1.6366360082061377,-1.6210672279946943,-1.0144154864378314,-2.0636803576565503,-1.7288802158984937,-1.66462517375608,1
0.9091799858880084,0.4730758558238286,0.4704577567171731,0.7208339311792096,0.8233417497987652,0.8778076932208593,1.3089978973123453,0.4369081656350633,0.6803577031468251,0.5450279323712853,2
1.3099840035553836,0.6553987876193246,0.6591004582903706,0.22551490420730191,0.27694805060576627,-0.42337497768268195,1.0121483533779376,-0.2966631376841804,0.6411450864824524,0.5642638192929827,2
-1.3570054850894822,0.5202037661812186,0.527648448298221,0.6999459641432235,0.47563551918060454,0.7352514694636075,1.7939006526423678,0.4928273826243768,0.6220368545067712,0.6156764594116981,2
-0.11694099910194765,-1.7150805869608428,-1.7280262429956854,-1.603313944273843,-1.6525130157010455,-0.8836606415289997,-1.0390207485467327,0.7313064052373618,-1.5525202399958233,-1.4757059051840553,1
-1.3970067122363963,-1.5410226534159315,-1.5245234685643605,-1.6146869045674663,-1.6420315065696922,-1.4302862334100994,-0.40262124374930885,-0.7377171554868985,-1.8252801022878997,-1.6807095180386968,1
1.5788026318321426,-1.5866068267049838,-1.5679709614765784,-1.6315598819645816,-1.6589955848304307,-1.393990959495904,-2.113799603754457,0.4485939870846346,-1.82532723441406,-1.6790293566779224,1
0.7739200373047471,-0.01017107613910189,-0.015134315219126303,-0.01086296597886461,0.05368226578244838,0.14996136578035832,-0.07154825904935512,0.28318234423414035,0.5681786224034504,0.6187871028553686,0
-0.2940281899458046,1.1733255999125554,1.167999459978736,1.2953902102398893,1.0606494865278948,0.8343250814405281,-0.7239571296783374,-0.35673181204241927,0.49557512814025195,0.5805786194288135,3
-0.05325018016503595,0.351885344926336,0.34373959015374095,1.0677371782734928,0.7800446631377637,1.8450187502367867,1.3122238237707886,1.5149825859617287,0.5952108395485646,0.30921725813738904,2
1.1188409051253054,-1.4809648769523116,-1.4790765974432756,-1.6223808812657954,-1.642239218898236,-1.559198652627549,-1.897060611275634,-0.5392749141080704,-1.6978730381889355,-1.8522907230750767,1
-1.3179674710939946,-0.18819613353697162,-0.18068617451343302,0.16133311842866108,0.20510841574954278,0.8767679082638464,0.36381483076287274,1.5720271171365334,0.6394815901025075,0.7273007202451937,0
-0.47097687917448594,-1.6841797067112863,-1.6932808525349858,-1.6023560255375457,-1.654833047045075,-0.972211970213377,-0.8155574043955047,0.22244107231086663,-1.6180215764935737,-1.7587192773377853,1
0.9011710914732428,-0.33803283610896107,-0.34163695128563243,-0.05641143515022762,-0.08813026617605427,0.6764745186842113,-0.47498389537524577,0.985115229739319,0.5659433862342226,0.6817730117698241,0
-1.3057323006266925,-0.045001480861416074,-0.038036985365886275,0.15162558869837608,0.14291603547875348,0.5693953702803275,0.41608809282388526,1.2517745859114973,0.6026988696313321,0.7486120104668397,0
-1.3311279455894,1.1202504000317075,1.1269367605106715,0.958895676639854,0.9336092088228596,0.29176979702338046,0.04468304164162035,-0.6890683167497866,0.3839629154772717,0.5540455731330581,3
-1.104058496199751,-1.4756028903289597,-1.4699982181806712,-1.6001906681838944,-1.6505009161743196,-1.4983207074126716,-0.4734209286469586,-1.22631009875627,-1.765864613613862,-1.7318813718083748,1
0.35777417343531404,-0.031384751350713565,-0.039906774420697406,0.14424349414222304,0.3134530199586149,0.555810191146651,0.5300722804232824,0.17541601055278233,0.5312521802857274,0.4129136782062413,0
0.6033669503244328,1.2132749653993924,1.209029585825778,0.6606796892203021,0.744405486206434,-0.3522740993064142,-0.12161179475371364,-0.7984399505482114,0.5277819177712177,0.5316306749719106,3
-0.6627388386505669,0.3284340597904951,0.3243254094155634,0.3799753804733232,0.568681046800372,0.41861179663137893,1.6076669867035425,0.6017761775294475,0.6509383989726478,0.41659459283116207,2
1.1796982521858128,0.5849947975052675,0.5864277473401158,0.5059584965950088,0.6152289335427223,0.2455148888076565,0.9349279475842738,0.31609476941015546,0.6275080981233669,0.5345907076185821,2
-0.1172805944664951,-0.5772981972718534,-0.5875521553557034,-0.041892725548284826,-0.16497879006938218,1.2707178091957243,-0.8975737892823863,1.7136539272087494,0.6617748682314301,0.3702657584223296,0
-1.1159493042723072,0.38409736004892636,0.3868043311012498,0.49613763483115425,0.4115829037289652,0.5565092269085107,1.7206424852807616,0.07271211956154228,0.5562735840525159,0.5360823212885497,2
-1.397499427123416,-1.536103407396055,-1.5196302395479846,-1.5694455695353329,-1.626465484422134,-1.2739451024665496,-0.3835782788698423,-0.7465167574616629,-1.8197128251472827,-1.5133576997814624,1
-0.6291206852012408,0.5507731195884263,0.5466593081510659,0.6055066504813718,0.4355075569656082,0.5111861970008023,1.6329012923398545,0.2700531977512169,0.6901336086608374,0.6361123474628392,2
0.015560907001237608,-0.20063198045559855,-0.2102603901077833,0.5257612191042448,0.2721461040892598,1.8242291837904936,-0.45237339522252906,1.969127112885357,0.6732553297475383,0.7738429538623781,0
1.2966579018244713,0.44777193964372947,0.4512214972777244,0.9414991304679843,0.5877156373802869,1.3691334479211592,1.282174602678306,0.02612793747210794,0.6026746965586064,0.5916026008640023,2
-0.20670245103827847,0.37258264604543695,0.3649659051290271,0.8219589054247533,0.831740534001123,1.2827165024091323,1.292403284430393,0.6009829818451601,0.6825944992491867,0.40241841846151183,2
1.3468111466110217,-0.05396219890566631,-0.04924686400841371,0.152970236145088,0.27635259964374037,0.5941084921500736,-0.690368186950576,2.01153104919134,0.5380239516140899,0.5305063988771452,0
-1.5550440631095817,0.354493128630049,0.36679630801098284,0.37645131258392805,0.5878008545701457,0.3386198147618456,1.105641487435133,0.6832562268395598,0.5946186996418679,0.46315972854612586,2
-1.3940661242157573,-1.5405954188132869,-1.5242177282429459,-1.611753132736687,-1.638828893050468,-1.4201032191621794,-0.49735452418823256,-0.713964789653351,-1.8172495605828314,-1.7482205956979542,1
-0.8753480536667935,-1.428706002898302,-1.4296781091792294,-1.5844255862043273,-1.632513436149918,-1.5287730904448515,-0.5065473488310831,-1.5981414762202468,-1.7368338087785489,-1.8457982428774176,1
1.4251481200060454,-1.5585315681567542,-1.5462282464786838,-1.6490269009845466,-1.6697076237814683,-1.5092043233625183,-1.9791619657615689,0.002375824890999163,-1.7557308577951602,-1.727577635763416,1
